Rk;Player;Pos;Age;Tm;G;GS;MP;FG;FGA;FG%;3P;3PA;3P%;2P;2PA;2P%;eFG%;FT;FTA;FT%;ORB;DRB;TRB;AST;STL;BLK;TOV;PF;PTS;Player-additional
1;Precious Achiuwa;PF-C;24;TOT;74;18;219;32;63;.501;4;13;.268;28;50;.562;.529;9;15;.616;26;40;66;13;6;9;11;19;76;achiupr01
2;Bam Adebayo;C;26;MIA;71;71;340;75;143;.521;2;6;.357;73;137;.528;.529;41;55;.755;22;81;104;39;11;9;23;22;193;adebaba01
3;Ochai Agbaji;SG;23;TOT;78;28;210;23;56;.411;8;27;.294;15;28;.523;.483;5;7;.661;9;18;28;11;6;6;8;15;58;agbajoc01
4;Santi Aldama;PF;23;MEM;61;35;265;40;93;.435;17;50;.349;23;43;.534;.528;9;14;.621;12;46;58;23;7;9;11;15;107;aldamsa01
5;Nickeil Alexander-Walker;SG;25;MIN;82;20;234;29;66;.439;16;41;.391;13;25;.517;.560;6;8;.800;4;16;20;25;8;5;9;17;80;alexani01
6;Grayson Allen;SG;28;PHO;75;74;335;45;91;.499;27;59;.461;18;32;.570;.649;17;20;.878;6;33;39;30;9;6;13;21;135;allengr01
7;Jarrett Allen;C;25;CLE;77;77;317;67;106;.634;0;1;.000;67;106;.638;.634;30;41;.742;32;74;105;27;7;11;16;19;165;allenja01
8;Timmy Allen;SF;24;MEM;5;0;250;12;46;.261;0;14;.000;12;32;.375;.261;2;4;.500;8;26;34;10;8;0;4;36;26;allenti01
9;Jose Alvarado;PG;25;NOP;56;0;184;25;62;.412;14;37;.377;11;25;.464;.525;6;9;.673;4;18;23;21;11;3;7;16;71;alvarjo01
10;Kyle Anderson;PF;30;MIN;79;10;226;25;55;.460;1;6;.229;24;49;.488;.472;12;17;.708;8;27;35;42;9;6;12;16;64;anderky01
11;Giannis Antetokounmpo;PF;29;MIL;73;73;352;115;188;.611;5;17;.274;110;171;.645;.624;70;107;.657;27;88;115;65;12;11;34;29;304;antetgi01
12;Thanasis Antetokounmpo;PF;31;MIL;34;0;46;5;9;.533;0;0;.000;5;9;.552;.533;0;1;.000;2;2;4;5;2;1;4;7;9;antetth01
13;Cole Anthony;PG;23;ORL;81;0;224;41;94;.435;11;34;.338;30;60;.490;.496;22;27;.826;8;30;38;29;8;5;16;22;116;anthoco01
14;OG Anunoby;SF;26;TOT;50;50;340;56;115;.489;20;53;.382;36;62;.581;.577;13;18;.753;9;32;42;21;14;7;16;24;147;anunoog01
15;Ryan Arcidiacono;PG;29;NYK;20;0;23;0;3;.000;0;3;.000;0;0;;.000;0;0;;0;4;4;2;1;0;1;3;0;arcidry01
16;Deni Avdija;SF;23;WAS;75;75;301;54;107;.506;12;31;.374;42;76;.560;.560;27;36;.740;11;61;72;38;8;5;21;25;147;avdijde01
17;Deandre Ayton;C;25;POR;55;55;324;78;136;.570;0;2;.100;77;134;.576;.571;12;14;.823;32;79;111;16;10;8;18;20;167;aytonde01
18;Udoka Azubuike;C;24;PHO;16;0;71;10;14;.696;0;0;;10;14;.696;.696;2;8;.231;7;13;20;2;1;4;3;11;22;azubuud01
19;Ibou Badji;C;21;POR;22;1;103;6;10;.636;0;0;;6;10;.636;.636;3;5;.500;9;14;23;6;1;9;7;21;15;badjiib01
20;Marvin Bagley III;C;24;TOT;50;25;211;48;82;.586;2;5;.391;46;77;.597;.597;19;25;.762;26;36;62;11;4;7;12;16;117;baglema01
21;Amari Bailey;PG;19;CHO;10;0;65;8;24;.333;1;8;.125;7;16;.438;.354;6;7;.857;6;3;9;7;3;0;4;2;23;baileam01
22;Patrick Baldwin Jr.;SF;21;WAS;38;7;130;16;41;.381;8;26;.320;7;15;.483;.481;5;7;.679;4;28;32;8;5;4;5;15;44;baldwpa01
23;LaMelo Ball;PG;22;CHO;22;22;323;83;192;.433;32;90;.355;51;103;.500;.515;41;47;.865;13;38;51;80;18;2;38;36;239;ballla01
24;Mo Bamba;C;25;PHI;57;17;130;17;35;.490;4;11;.391;13;24;.537;.553;6;9;.680;14;28;42;7;4;11;7;18;44;bambamo01
25;Paolo Banchero;PF;21;ORL;80;80;350;80;176;.455;15;44;.339;65;132;.493;.497;51;70;.725;10;59;69;54;9;6;31;19;226;banchpa01
26;Desmond Bane;SG;25;MEM;42;42;344;86;185;.464;33;86;.381;53;99;.536;.552;33;38;.870;9;35;44;55;10;5;27;29;237;banede01
27;Dalano Banton;PG;24;TOT;54;9;194;37;93;.404;11;37;.296;26;56;.475;.463;17;22;.783;8;25;33;24;6;4;14;12;103;bantoda01
28;Dominick Barlow;PF;20;SAS;33;1;127;17;34;.496;1;3;.333;16;32;.510;.509;9;13;.690;14;21;34;11;4;4;3;14;44;barlodo01
29;Harrison Barnes;PF;31;SAC;82;82;290;42;89;.474;18;47;.387;24;42;.571;.576;19;24;.801;8;22;30;12;7;1;7;12;122;barneha02
30;Scottie Barnes;SG;22;TOR;60;60;349;75;157;.475;17;49;.341;58;108;.536;.528;33;42;.781;24;59;82;61;13;15;28;20;199;barnesc01
31;RJ Barrett;SG;23;TOT;58;58;317;75;152;.495;16;43;.360;60;109;.549;.547;36;50;.715;9;45;54;33;5;4;22;22;202;barrerj01
32;Charles Bassey;C;23;SAS;19;0;108;15;21;.725;0;1;.000;15;21;.744;.725;3;3;.833;12;28;40;11;4;9;8;16;33;bassech01
33;Emoni Bates;SF;20;CLE;15;0;89;10;33;.306;7;22;.303;3;11;.313;.408;1;3;.250;1;9;9;7;1;1;5;3;27;batesem01
34;Keita Bates-Diop;SF;28;TOT;53;8;125;14;31;.434;4;13;.304;10;18;.526;.497;6;8;.762;6;15;21;7;5;4;3;7;37;bateske01
35;Nicolas Batum;PF;35;TOT;60;38;255;19;43;.453;12;31;.395;7;12;.606;.596;3;4;.714;12;30;41;21;8;6;7;18;53;batumni01
36;Darius Bazley;PF;23;TOT;9;0;169;20;33;.600;2;9;.250;18;24;.727;.633;11;13;.833;9;22;31;8;7;8;9;3;53;bazleda01
37;Bradley Beal;SG;30;PHO;53;53;333;71;139;.513;19;44;.430;52;94;.552;.582;21;25;.813;10;34;44;50;10;5;25;24;182;bealbr01
38;Malik Beasley;SG;27;MIL;79;77;296;41;91;.443;28;69;.413;12;23;.533;.598;3;4;.714;5;32;37;14;7;1;7;20;113;beaslma01
39;MarJon Beauchamp;SF;23;MIL;48;1;127;17;35;.488;6;16;.400;11;19;.560;.578;4;6;.679;5;16;21;6;3;1;6;11;44;beaucma01
40;Jules Bernard;SG;24;WAS;19;0;78;15;34;.453;6;15;.379;9;18;.514;.539;3;5;.556;5;8;14;8;2;1;4;7;39;bernaju01
41;D?vis Bert?ns;PF;31;TOT;43;1;157;21;54;.393;18;47;.380;4;8;.471;.556;7;8;.909;2;12;14;8;6;3;4;13;67;bertada01
42;Patrick Beverley;PG;35;TOT;73;13;200;22;52;.417;8;25;.337;13;27;.490;.497;10;12;.822;7;26;33;29;6;4;9;18;62;beverpa01
43;Saddiq Bey;SF;24;ATL;63;51;327;46;111;.416;18;57;.316;28;54;.522;.497;27;32;.837;27;39;65;15;8;2;9;14;137;beysa01
44;Goga Bitadze;C;24;ORL;62;33;154;20;34;.603;0;2;.143;20;31;.636;.608;9;14;.655;18;29;46;13;5;12;7;17;50;bitadgo01
45;Onuralp Bitim;SG;24;CHI;23;1;117;14;37;.381;5;19;.273;9;17;.500;.452;2;2;.800;3;11;14;6;1;1;4;10;35;bitimon01
46;Bismack Biyombo;C;31;TOT;40;27;198;19;33;.565;0;0;;19;33;.565;.565;7;14;.481;16;37;52;13;3;9;11;22;44;biyombi01
47;Anthony Black;PG;20;ORL;69;33;169;17;36;.466;5;14;.394;11;22;.510;.540;7;12;.613;5;15;20;13;5;3;8;16;46;blackan01
48;Leaky Black;SF;24;CHO;26;3;109;10;20;.481;3;8;.450;6;12;.500;.567;4;6;.667;3;15;18;9;3;4;2;7;27;blackle01
49;Buddy Boeheim;SF;24;DET;10;0;84;9;29;.310;8;25;.320;1;4;.250;.448;8;10;.800;3;7;10;3;0;1;0;5;34;boehebu01
50;Bogdan Bogdanovi?;SG;31;ATL;79;33;304;60;139;.428;30;81;.374;29;58;.503;.537;19;21;.921;7;28;34;31;12;3;14;23;169;bogdabo01
51;Bojan Bogdanovi?;SF-PF;34;TOT;57;27;259;54;119;.454;23;59;.398;31;61;.507;.551;21;26;.785;4;23;27;17;5;1;18;17;152;bogdabo02
52;Bol Bol;PF;24;PHO;43;0;109;22;35;.616;5;12;.423;17;23;.717;.689;3;4;.789;7;24;32;4;2;6;4;10;52;bolbo01
53;Marques Bolden;C;25;TOT;11;2;110;15;23;.680;0;1;.000;15;22;.708;.680;3;4;.750;9;22;31;4;3;6;3;9;34;boldema01
54;Devin Booker;PG;27;PHO;68;68;360;94;192;.492;22;61;.364;72;130;.552;.550;60;67;.886;8;37;45;69;9;4;26;30;271;bookede01
55;Brandon Boston Jr.;SF;22;LAC;32;0;108;20;50;.404;4;16;.269;16;34;.468;.447;7;10;.697;6;10;16;4;3;3;8;13;52;bostobr01
56;Chris Boucher;PF;31;TOR;50;0;141;22;43;.507;6;19;.330;16;25;.642;.578;14;18;.772;12;29;41;5;3;5;6;14;64;bouchch01
57;James Bouknight;SG;23;CHO;14;0;58;13;29;.439;9;21;.433;4;8;.455;.598;1;1;.500;1;6;6;4;1;1;1;2;36;bouknja01
58;Jamaree Bouyea;PG;24;TOT;9;0;106;11;31;.357;1;10;.111;10;21;.474;.375;0;0;;3;18;21;12;1;0;10;11;23;bouyeja01
59;Malaki Branham;PG;20;SAS;75;29;213;36;84;.432;12;36;.347;24;48;.494;.506;7;8;.873;4;16;20;21;4;1;12;13;92;branhma01
60;Christian Braun;SG;22;DEN;82;4;202;27;59;.460;8;20;.384;19;39;.498;.525;11;16;.694;10;28;37;16;5;4;7;17;73;braunch01
61;Mikal Bridges;SF;27;BRK;82;82;348;69;158;.436;27;72;.372;42;86;.490;.521;31;39;.814;8;37;45;36;10;4;20;14;196;bridgmi01
62;Miles Bridges;SF;25;CHO;69;67;374;81;175;.462;23;65;.349;58;110;.529;.527;25;31;.825;10;63;73;33;9;5;20;17;210;bridgmi02
63;Oshae Brissett;SF;25;BOS;55;1;115;12;28;.444;3;10;.273;10;18;.541;.493;9;15;.602;11;18;29;8;3;1;4;10;37;brissos01
64;Izaiah Brockington;PG;24;NOP;1;0;30;20;50;.400;0;10;.000;20;40;.500;.400;0;0;;10;10;20;0;0;0;0;0;40;brockiz01
65;Malcolm Brogdon;PG;31;POR;39;25;287;56;127;.440;21;51;.412;35;76;.458;.522;24;30;.819;7;31;38;55;7;2;15;15;157;brogdma01
66;Armoni Brooks;PG;25;BRK;10;0;104;15;46;.326;11;32;.344;4;14;.286;.446;1;2;.500;7;11;18;5;1;1;3;3;42;brookar01
67;Dillon Brooks;SF;28;HOU;72;72;309;46;107;.428;18;51;.359;27;55;.492;.515;17;20;.844;7;27;34;17;9;1;12;33;127;brookdi01
68;Bruce Brown;PG-SG;27;TOT;67;44;279;41;87;.478;8;24;.323;34;62;.538;.523;17;21;.824;8;34;42;29;9;3;13;22;108;brownbr01
69;Charlie Brown Jr.;SG;26;NYK;8;0;46;3;13;.200;3;9;.286;0;4;.000;.300;0;0;;1;1;3;0;0;3;3;6;8;brownch02
70;Greg Brown III;PF;22;DAL;6;0;67;8;18;.455;2;5;.333;7;13;.500;.500;7;15;.444;5;10;15;7;0;7;7;8;25;browngr01
71;Jaylen Brown;SF;27;BOS;70;70;335;90;179;.499;21;59;.354;69;121;.570;.557;30;43;.703;12;43;55;36;12;5;24;26;230;brownja02
72;Kendall Brown;SG;20;IND;15;0;42;5;10;.533;0;1;.000;5;9;.615;.533;3;5;.625;2;1;3;3;0;0;1;6;14;brownke03
73;Kobe Brown;PF;24;LAC;44;0;90;8;20;.411;3;11;.292;5;10;.548;.489;0;0;.500;5;10;14;6;3;1;2;11;20;brownko01
74;Moses Brown;C;24;POR;22;5;91;15;30;.508;0;0;;15;30;.508;.508;4;14;.290;17;22;39;3;2;3;5;12;34;brownmo01
75;Troy Brown Jr.;SF;24;TOT;59;15;140;14;38;.372;8;24;.333;6;14;.435;.476;5;6;.865;4;20;24;10;4;1;5;7;42;browntr01
76;Jalen Brunson;PG;27;NYK;77;77;354;103;214;.479;27;68;.401;75;146;.516;.543;55;65;.847;6;31;36;67;9;2;24;19;287;brunsja01
77;Thomas Bryant;C;26;MIA;38;4;116;23;39;.577;1;6;.182;22;33;.646;.591;11;12;.872;11;27;37;6;3;4;6;12;57;bryanth01
78;Kobe Bufkin;SG;20;ATL;17;0;115;20;54;.370;5;24;.225;15;31;.481;.418;2;5;.500;4;16;19;16;4;3;6;12;48;bufkiko01
79;Reggie Bullock;SF;32;HOU;44;0;95;8;19;.415;6;15;.403;2;3;.467;.579;0;0;1.000;1;15;17;3;3;1;2;7;22;bullore01
80;Alec Burks;SG;32;TOT;66;1;184;32;86;.369;19;50;.376;13;36;.360;.478;22;25;.868;4;19;23;13;4;2;7;11;104;burksal01
81;Jared Butler;SG;23;WAS;40;0;142;25;50;.488;6;20;.308;19;31;.602;.547;8;9;.861;2;12;15;32;7;2;13;15;63;butleja02
82;Jimmy Butler;PF;34;MIA;60;60;340;66;132;.499;10;24;.414;56;108;.519;.537;66;77;.858;18;36;53;50;13;3;17;11;208;butleji01
83;Jamal Cain;PF;24;MIA;26;1;100;13;30;.430;4;12;.355;9;18;.479;.500;7;9;.783;6;8;14;4;4;2;3;8;37;cainja01
84;Kentavious Caldwell-Pope;SG;30;DEN;76;76;316;36;77;.460;16;41;.406;19;37;.520;.566;13;15;.894;4;20;24;24;13;6;10;20;101;caldwke01
85;Toumani Camara;PF;23;POR;70;49;248;28;63;.450;8;25;.337;20;38;.523;.516;11;14;.758;20;29;49;12;9;5;12;25;75;camarto01
86;Clint Capela;C;29;ATL;73;73;258;48;85;.571;0;0;.000;48;85;.572;.571;18;28;.631;46;60;106;12;6;15;10;22;115;capelca01
87;Jevon Carter;PG;28;CHI;72;0;139;19;51;.378;11;33;.329;8;18;.466;.484;1;1;.571;2;7;8;13;5;2;5;10;50;carteje01
88;Wendell Carter Jr.;C;24;ORL;55;48;256;41;77;.525;12;31;.374;29;46;.626;.600;17;24;.694;20;49;69;17;6;5;12;22;110;cartewe01
89;D.J. Carton;SG;23;TOR;4;0;90;8;20;.375;3;10;.250;5;10;.500;.438;10;13;.800;5;5;10;8;3;0;3;8;28;cartodj01
90;Alex Caruso;SG;29;CHI;71;57;287;36;76;.468;19;47;.408;16;29;.563;.593;10;14;.760;9;30;38;35;17;10;14;25;101;carusal01
91;Colin Castleton;C;23;LAL;16;0;37;6;10;.563;0;0;;6;10;.563;.563;4;4;1.000;4;4;8;2;1;0;2;7;15;castlco01
92;Malcolm Cazalon;SG;22;DET;1;0;30;0;0;;0;0;;0;0;;;0;0;;0;0;0;0;0;0;0;0;0;cazalma01
93;Julian Champagnie;SF;22;SAS;74;59;198;22;54;.408;14;37;.365;9;17;.504;.534;10;12;.815;6;22;28;14;6;6;8;10;68;champju02
94;Justin Champagnie;SF;22;WAS;15;1;157;21;52;.410;9;30;.289;13;22;.576;.494;8;10;.800;13;23;35;13;7;6;7;9;59;champju01
95;Max Christie;SG;20;LAL;67;7;141;15;36;.427;6;18;.356;9;18;.496;.515;5;7;.783;2;19;21;9;3;3;5;9;42;chrisma02
96;Sidy Cissoko;SF;19;SAS;12;0;118;13;28;.485;1;10;.083;13;18;.714;.500;10;13;.800;7;12;18;8;6;3;3;15;38;cissosi01
97;Brandon Clarke;PF;27;MEM;6;1;223;55;98;.559;2;10;.167;53;88;.604;.568;2;12;.143;22;32;53;15;8;10;5;13;113;clarkbr01
98;Jordan Clarkson;SG;31;UTA;55;19;306;61;148;.413;17;56;.294;45;92;.485;.469;32;37;.881;9;25;34;50;6;1;27;15;171;clarkjo01
99;Nic Claxton;C;24;BRK;71;71;298;52;82;.629;0;1;.200;51;81;.633;.630;15;28;.551;27;72;99;21;6;21;13;25;118;claxtni01
100;Noah Clowney;PF;19;BRK;23;4;161;22;40;.538;5;14;.364;17;26;.633;.602;9;13;.700;11;24;35;8;3;7;7;11;58;clownno01
101;Amir Coffey;SF;26;LAC;70;13;209;24;50;.472;10;26;.380;14;24;.571;.571;9;10;.859;4;17;21;11;6;2;5;15;66;coffeam01
102;John Collins;PF;26;UTA;68;66;280;58;110;.532;13;34;.371;46;76;.605;.590;22;27;.795;23;61;85;11;6;9;14;28;151;collijo01
103;Zach Collins;C;26;SAS;69;29;221;43;89;.484;8;26;.320;35;63;.552;.531;18;23;.753;17;37;54;28;5;8;19;30;112;colliza01
104;Mike Conley;PG;36;MIN;76;76;289;39;85;.457;24;53;.442;15;31;.481;.595;13;15;.911;5;24;29;59;12;2;13;17;114;conlemi01
105;Pat Connaughton;SF;31;MIL;76;3;221;20;46;.435;11;31;.345;9;14;.633;.553;6;8;.759;7;25;31;21;5;3;6;13;56;connapa01
106;Bilal Coulibaly;SF;19;WAS;63;15;272;30;69;.435;10;29;.346;20;39;.502;.509;15;21;.702;9;32;41;17;9;8;14;22;84;coulibi01
107;Ricky Council IV;SG;22;PHI;32;0;90;17;35;.482;4;10;.375;13;25;.525;.536;17;22;.746;4;10;14;5;3;0;2;5;54;councri01
108;Robert Covington;SF-PF;33;TOT;29;6;168;15;34;.439;7;19;.339;8;14;.571;.536;8;9;.846;11;23;33;8;13;6;4;19;44;covinro01
109;Torrey Craig;SF;33;CHI;53;14;198;20;47;.430;11;29;.392;9;18;.490;.550;5;7;.750;13;28;41;11;6;4;6;21;57;craigto01
110;Jae Crowder;PF;33;MIL;50;25;231;23;54;.422;12;33;.349;11;21;.538;.530;5;7;.722;6;26;32;13;8;2;5;15;62;crowdja01
111;Jalen Crutcher;PG;24;NOP;1;0;30;0;10;.000;0;0;;0;10;.000;.000;0;0;;0;0;0;0;0;0;0;0;0;crutcja01
112;Cade Cunningham;PG;22;DET;62;62;335;85;188;.449;19;54;.355;65;134;.487;.500;38;44;.869;5;38;43;75;9;4;34;25;227;cunnica01
113;Seth Curry;SG;33;TOT;44;4;140;18;46;.392;9;25;.352;10;22;.438;.485;6;7;.903;4;11;15;10;5;1;5;9;51;curryse01
114;Stephen Curry;PG;35;GSW;74;74;327;88;195;.450;48;118;.408;40;77;.515;.573;40;44;.923;5;40;45;51;7;4;28;16;264;curryst01
115;Dyson Daniels;PG;20;NOP;61;16;223;23;51;.447;7;22;.311;16;29;.551;.514;6;9;.642;10;29;39;27;14;4;10;17;58;daniedy01
116;Anthony Davis;C;30;LAL;76;76;355;94;169;.556;4;14;.271;90;155;.582;.567;55;68;.816;31;95;126;35;12;23;21;23;247;davisan02
117;Johnny Davis;SG;21;WAS;50;6;123;12;31;.403;3;8;.350;10;23;.421;.448;3;5;.583;4;11;14;6;4;2;3;11;30;davisjo06
118;JD Davison;SG;21;BOS;8;0;49;6;15;.417;4;9;.429;3;6;.400;.542;4;5;.750;3;10;13;13;1;1;3;5;20;davisjd01
119;Dexter Dennis;SG;24;DAL;4;0;75;25;48;.526;3;20;.125;23;28;.818;.553;3;8;.333;3;20;23;10;0;3;8;3;55;dennide01
120;DeMar DeRozan;SF;34;CHI;79;79;378;82;172;.480;9;28;.333;73;143;.509;.507;66;77;.853;5;38;43;53;11;6;17;20;240;derozde01
121;Moussa Diabaté;C;22;LAC;11;0;58;9;17;.526;0;0;;9;17;.526;.526;8;13;.643;14;8;22;4;5;1;2;4;26;diabamo01
122;Mamadi Diakite;PF;27;TOT;6;0;40;7;10;.667;0;2;.000;7;8;.800;.667;7;10;.667;2;5;7;3;2;2;2;3;20;diakima01
123;Hamidou Diallo;SG;25;WAS;2;0;25;5;10;.500;0;0;;5;10;.500;.500;0;0;;10;0;10;5;10;0;5;5;10;diallha01
124;Gradey Dick;SG;20;TOR;60;17;211;32;74;.425;15;40;.365;17;34;.495;.524;7;9;.863;5;18;22;11;6;0;8;15;85;dickgr01
125;Ousmane Dieng;PF;20;OKC;33;0;111;15;35;.422;6;21;.300;8;14;.609;.513;4;5;.875;3;12;15;11;2;2;6;7;40;diengou01
126;Spencer Dinwiddie;PG;30;TOT;76;52;283;33;84;.392;16;48;.337;17;36;.467;.489;22;28;.805;4;23;27;47;7;3;12;18;105;dinwisp01
127;Donte DiVincenzo;SG;27;NYK;81;63;291;55;124;.443;35;87;.401;20;37;.542;.584;11;14;.754;8;29;37;27;13;4;14;20;155;divindo01
128;Luka Don?i?;PG;24;DAL;70;70;375;115;236;.487;41;106;.382;74;130;.573;.573;68;87;.786;8;84;92;98;14;5;40;21;339;doncilu01
129;Luguentz Dort;SF;24;OKC;79;79;284;36;83;.438;20;50;.394;17;33;.506;.557;16;20;.826;9;27;36;14;9;6;9;29;109;dortlu01
130;Ayo Dosunmu;SG;24;CHI;76;37;291;47;95;.501;16;39;.403;32;56;.568;.583;11;14;.810;7;21;28;32;9;5;14;22;122;dosunay01
131;Jeff Dowtin;PG;26;PHI;12;0;118;17;30;.556;8;16;.474;9;14;.647;.681;3;3;.750;3;14;17;23;6;1;4;1;43;dowtije01
132;Henri Drell;SF;23;CHI;4;0;75;10;25;.400;5;15;.333;5;10;.500;.500;3;5;.500;3;8;10;10;5;3;5;15;28;drellhe01
133;Andre Drummond;C;30;CHI;79;10;171;34;61;.556;0;0;.000;34;60;.560;.556;16;28;.592;34;56;90;5;9;6;10;18;84;drumman01
134;Chris Duarte;SF;26;SAC;59;11;122;14;36;.381;7;22;.346;6;14;.434;.486;4;6;.788;4;14;18;7;5;1;4;14;39;duartch01
135;David Duke Jr.;SG;24;SAS;4;0;128;25;45;.556;8;15;.500;18;30;.583;.639;8;8;1.000;5;20;25;13;5;0;8;10;65;dukeda01
136;Kris Dunn;PG;29;UTA;66;32;189;22;47;.470;6;17;.369;16;31;.525;.535;3;5;.688;8;21;29;38;10;4;12;20;54;dunnkr01
137;Kevin Durant;PF;35;PHO;75;75;372;100;191;.523;22;54;.413;78;137;.567;.581;48;56;.856;5;61;66;50;9;12;33;18;271;duranke01
138;Jalen Duren;C;20;DET;61;60;291;57;92;.619;0;1;.000;57;92;.623;.619;23;30;.790;31;85;116;24;5;8;21;31;138;durenja01
139;Tari Eason;PF;22;HOU;22;0;218;40;86;.466;8;23;.360;32;63;.504;.513;10;15;.636;21;49;70;12;14;9;9;23;98;easonta01
140;Anthony Edwards;SG;22;MIN;79;78;351;91;197;.461;24;67;.357;67;130;.515;.522;54;64;.836;7;48;54;51;13;5;31;18;259;edwaran01
141;Kessler Edwards;SF;23;SAC;54;0;51;6;15;.415;4;10;.385;3;6;.467;.537;1;2;.556;2;6;8;3;2;1;1;5;17;edwarke02
142;Keon Ellis;SG;24;SAC;57;21;172;19;41;.461;12;29;.417;6;11;.578;.612;5;6;.743;6;16;22;15;9;5;6;20;54;elliske01
143;Joel Embiid;C;29;PHI;39;39;336;115;218;.529;14;36;.388;102;183;.556;.561;102;116;.883;24;86;110;56;12;17;38;29;347;embiijo01
144;Drew Eubanks;C;26;PHO;75;6;156;20;34;.601;0;0;1.000;20;33;.596;.607;10;12;.774;14;29;43;8;4;8;8;15;51;eubandr01
145;Tosan Evbuomwan;SF;22;TOT;17;8;216;21;42;.507;7;19;.375;14;23;.615;.592;10;15;.680;11;25;35;9;4;3;5;14;59;evbuoto01
146;Dante Exum;PG;28;DAL;55;17;198;29;55;.533;10;20;.491;20;35;.557;.621;10;12;.779;5;23;27;29;4;1;9;15;78;exumda01
147;Bruno Fernando;C;25;ATL;45;2;152;24;42;.583;0;1;.000;24;41;.596;.583;14;21;.667;13;30;43;10;6;6;10;24;63;fernabr01
148;Dorian Finney-Smith;PF;30;BRK;68;56;284;32;75;.421;17;49;.348;14;26;.560;.535;5;7;.717;16;31;47;16;8;6;9;22;85;finnedo01
149;Adam Flagler;SG;24;OKC;2;0;70;5;35;.143;5;30;.167;0;5;.000;.214;0;0;;0;0;0;20;0;0;0;0;15;flaglad01
150;Malachi Flynn;PG;25;TOT;69;0;127;20;47;.418;8;24;.331;12;23;.513;.505;8;10;.732;3;13;17;19;6;1;9;10;55;flynnma01
151;Simone Fontecchio;SF;28;TOT;66;43;249;38;83;.460;20;51;.401;18;32;.551;.582;8;10;.818;10;28;37;15;7;3;10;17;105;fontesi01
152;Jordan Ford;PG;25;SAC;6;0;37;7;12;.571;3;5;.667;3;7;.500;.714;3;3;1.000;0;3;3;3;0;0;2;0;20;fordjo01
153;Trent Forrest;SG;25;ATL;38;0;109;9;24;.378;1;3;.200;8;21;.400;.389;3;4;.765;3;11;13;24;3;1;5;7;22;forretr01
154;Evan Fournier;SG;31;TOT;32;0;181;25;69;.357;10;41;.254;14;28;.505;.432;9;11;.806;2;17;18;15;9;2;7;15;69;fournev01
155;De'Aaron Fox;PG;26;SAC;74;74;359;97;209;.465;29;78;.369;68;131;.522;.534;42;57;.738;9;37;46;56;20;4;26;26;266;foxde01
156;Javon Freeman-Liberty;PG;24;TOR;22;6;183;25;56;.444;5;19;.238;20;37;.549;.484;15;16;.917;7;25;32;18;5;2;11;13;70;freemja01
157;Alex Fudge;SF;20;TOT;6;0;67;10;25;.400;2;8;.200;8;17;.500;.433;3;3;1.000;7;2;8;0;5;0;3;3;25;fudgeal01
158;Markelle Fultz;PG;25;ORL;43;18;212;36;76;.472;1;4;.222;35;72;.487;.479;5;8;.697;13;19;32;28;10;3;12;15;78;fultzma01
159;Andrew Funk;SG;24;CHI;5;0;26;0;8;.000;0;6;.000;0;2;.000;.000;0;0;;0;0;0;0;2;2;0;0;0;funkan01
160;Wenyen Gabriel;PF;26;MEM;5;0;162;16;44;.364;2;12;.167;14;32;.438;.386;0;10;.000;14;36;50;6;4;4;16;20;34;gabriwe01
161;Daniel Gafford;C-PF;25;TOT;74;66;245;47;65;.725;0;0;;47;65;.725;.725;16;24;.674;26;50;76;16;9;21;10;31;110;gaffoda01
162;Danilo Gallinari;PF-SF;35;TOT;49;0;129;17;39;.437;6;19;.323;11;20;.546;.516;17;20;.857;4;18;22;11;3;1;5;10;57;gallida01
163;Darius Garland;PG;24;CLE;57;57;334;66;148;.446;23;62;.371;43;85;.501;.524;26;31;.834;5;21;27;65;13;1;31;17;180;garlada01
164;Usman Garuba;PF;21;GSW;6;0;30;2;10;.167;0;2;.000;2;8;.200;.167;2;3;.500;5;7;12;2;2;5;3;3;5;garubus01
165;Luka Garza;C;25;MIN;25;0;49;14;30;.480;4;13;.281;11;17;.628;.540;7;10;.720;8;5;12;2;2;0;2;10;40;garzalu01
166;Kaiser Gates;SF;27;NOP;1;0;70;0;40;.000;0;20;.000;0;20;.000;.000;0;0;;0;10;10;0;0;0;0;0;0;gateska01
167;Keyonte George;PG;20;UTA;75;44;270;43;109;.391;20;59;.334;23;50;.459;.482;25;30;.848;2;26;28;44;5;1;25;12;130;georgke01
168;Paul George;PF;33;LAC;74;74;338;79;167;.471;33;79;.413;46;88;.523;.569;36;39;.907;5;47;52;35;15;5;21;27;226;georgpa01
169;Taj Gibson;PF;38;TOT;20;1;102;8;19;.405;1;5;.200;7;14;.481;.432;1;1;1.000;6;13;19;6;2;4;3;16;17;gibsota01
170;Josh Giddey;SG;21;OKC;80;80;251;50;106;.475;10;30;.337;40;76;.530;.523;13;16;.806;14;50;64;48;6;6;21;14;123;giddejo01
171;Harry Giles;C;25;TOT;23;0;43;10;22;.460;1;6;.214;9;16;.556;.490;3;6;.538;5;8;13;3;1;1;3;7;24;gilesha01
172;Shai Gilgeous-Alexander;PG;25;OKC;75;75;340;106;198;.535;13;36;.353;93;162;.576;.567;76;87;.874;9;47;55;62;20;9;22;25;301;gilgesh01
173;Anthony Gill;PF;31;WAS;50;3;93;15;32;.469;2;8;.244;13;24;.546;.500;6;7;.806;7;11;19;7;3;2;5;10;38;gillan01
174;Collin Gillespie;PG;24;DEN;24;0;94;13;29;.464;6;16;.395;7;13;.548;.572;3;5;.667;0;8;9;11;5;0;6;10;36;gilleco01
175;Jacob Gilyard;PG;25;TOT;41;14;170;15;37;.400;12;31;.405;2;6;.375;.570;0;0;1.000;2;9;11;33;8;1;7;10;42;gilyaja01
176;Rudy Gobert;C;31;MIN;76;76;341;53;81;.661;0;0;.000;53;80;.664;.661;33;51;.638;38;92;129;13;7;21;16;31;140;goberru01
177;Jordan Goodwin;PG;25;TOT;57;12;185;25;67;.369;7;25;.298;17;42;.411;.424;8;10;.746;15;29;44;27;8;3;10;13;65;goodwjo01
178;Aaron Gordon;PF;28;DEN;73;73;315;55;98;.556;5;19;.290;49;79;.619;.584;24;37;.658;24;41;65;35;8;6;14;19;139;gordoaa01
179;Eric Gordon;SG;35;PHO;68;24;278;40;91;.443;22;58;.378;18;33;.561;.565;8;9;.797;2;16;18;20;10;4;11;12;110;gordoer01
180;Devonte' Graham;PG;28;SAS;23;0;136;17;47;.352;11;36;.301;6;11;.520;.468;6;7;.813;2;13;16;21;4;1;7;6;50;grahade01
181;Jerami Grant;PF;29;POR;54;54;339;71;157;.451;21;51;.402;50;106;.474;.516;47;58;.817;7;29;35;28;8;6;21;22;210;grantje01
182;RaiQuan Gray;PF;24;SAS;3;0;130;33;57;.588;10;23;.429;23;33;.700;.676;0;0;;7;17;23;20;3;3;3;0;77;grayra01
183;A.J. Green;SG;24;MIL;56;0;110;15;35;.423;12;30;.408;3;5;.519;.599;3;3;.895;2;10;11;5;2;1;2;9;45;greenaj01
184;Danny Green;SG;36;PHI;2;0;90;0;10;.000;0;5;.000;0;5;.000;.000;0;0;;0;10;10;5;5;0;0;5;0;greenda02
185;Draymond Green;PF;33;GSW;55;52;271;34;68;.497;9;23;.395;24;44;.551;.566;10;13;.730;14;59;72;60;10;9;25;30;86;greendr01
186;Jalen Green;SG;21;HOU;82;82;317;69;162;.423;25;74;.332;44;89;.498;.498;35;43;.804;5;47;52;35;8;3;23;14;196;greenja05
187;Javonte Green;SF;30;CHI;9;5;256;50;83;.600;11;30;.370;39;53;.729;.667;11;14;.769;22;52;74;6;11;9;8;21;122;greenja02
188;Jeff Green;PF;37;HOU;78;6;168;21;47;.456;7;21;.331;15;26;.553;.529;16;19;.819;6;17;23;9;2;4;6;13;65;greenje02
189;Josh Green;SG;23;DAL;57;33;264;31;66;.479;13;33;.385;19;33;.572;.575;7;10;.684;7;25;32;23;8;2;11;19;82;greenjo02
190;AJ Griffin;SF;20;ATL;20;0;86;9;31;.290;5;20;.256;4;12;.348;.371;1;1;1.000;1;8;9;3;1;1;4;3;24;griffaj01
191;Quentin Grimes;SG;23;TOT;51;18;201;24;64;.372;16;47;.338;8;17;.466;.495;7;9;.756;3;17;20;13;7;1;5;15;70;grimequ01
192;Mouhamadou Gueye;PF;25;TOR;11;0;109;10;35;.289;0;3;.000;10;32;.314;.289;4;8;.444;11;10;21;5;3;16;11;14;24;gueyemo01
193;Mouhamed Gueye;PF;21;ATL;6;0;122;13;38;.348;5;15;.333;8;23;.357;.413;8;10;.833;17;20;37;7;8;7;2;22;40;gueyemo02
194;Rui Hachimura;PF;25;LAL;68;39;269;53;99;.537;14;34;.422;39;65;.597;.609;15;20;.739;9;35;43;12;6;4;7;15;136;hachiru01
195;Ashton Hagans;PG;24;POR;19;1;166;15;37;.408;4;13;.320;11;24;.457;.465;7;9;.824;7;16;24;28;6;5;16;21;42;haganas01
196;Tyrese Haliburton;PG;23;IND;69;68;322;72;152;.477;28;78;.364;44;74;.595;.570;28;33;.855;5;34;39;109;12;7;23;11;201;halibty01
197;R.J. Hampton;PG;22;MIA;8;2;95;5;18;.286;1;10;.125;4;8;.500;.321;1;3;.500;3;5;8;10;0;0;4;10;13;hamptrj01
198;Tim Hardaway Jr.;SF;31;DAL;79;12;268;50;124;.402;27;76;.353;23;48;.478;.510;18;21;.852;3;29;32;18;5;1;9;13;144;hardati02
199;James Harden;PG;34;LAC;72;72;343;49;114;.428;26;68;.381;23;46;.497;.541;42;48;.878;5;47;51;85;11;8;26;18;166;hardeja01
200;Jaden Hardy;SG;21;DAL;73;7;135;27;66;.407;11;31;.362;16;35;.447;.492;8;10;.776;3;15;18;15;3;1;8;11;73;hardyja02
201;Ron Harper Jr.;PF;23;TOR;1;0;40;0;0;;0;0;;0;0;;;0;0;;0;0;0;10;0;0;0;20;0;harpero02
202;Gary Harris;SG;29;ORL;54;27;240;24;55;.441;14;38;.371;10;17;.598;.569;6;8;.756;4;12;17;16;9;3;6;17;69;harriga01
203;Joe Harris;SG;32;DET;16;0;106;9;24;.359;6;19;.333;3;6;.444;.487;1;1;.500;2;6;8;6;2;1;3;12;24;harrijo01
204;Kevon Harris;SG;26;ORL;2;0;30;10;15;.667;0;0;;10;15;.667;.667;0;0;;0;10;10;5;0;0;5;15;20;harrike01
205;Tobias Harris;PF;31;PHI;70;70;338;66;136;.487;13;37;.353;53;99;.537;.535;27;30;.878;11;53;65;31;10;7;13;16;172;harrito02
206;Shaquille Harrison;SG;30;MEM;3;0;20;3;7;.500;0;0;;3;7;.500;.500;0;0;;0;7;7;0;0;3;0;0;7;harrish01
207;Josh Hart;SF;28;NYK;81;42;334;36;84;.434;10;32;.310;27;52;.511;.493;11;14;.791;16;68;83;41;9;3;15;21;94;hartjo01
208;Isaiah Hartenstein;C;25;NYK;75;49;253;31;49;.644;0;0;.333;31;48;.646;.645;15;21;.707;33;51;83;25;12;11;12;28;78;harteis01
209;Sam Hauser;SF;26;BOS;79;13;220;32;71;.446;25;59;.424;7;12;.559;.623;2;2;.895;6;29;35;10;5;3;4;13;90;hausesa01
210;Jordan Hawkins;SG;21;NOP;67;10;173;26;68;.382;16;44;.366;10;24;.411;.501;10;12;.838;4;18;22;10;3;1;6;11;78;hawkijo01
211;Jaxson Hayes;C;23;LAL;70;5;125;18;25;.720;0;1;.000;18;24;.754;.720;7;12;.622;10;20;30;5;5;4;6;18;43;hayesja02
212;Killian Hayes;PG;22;DET;42;31;240;28;67;.413;5;18;.297;23;50;.455;.452;8;12;.660;3;26;28;49;9;5;12;18;69;hayeski01
213;Gordon Hayward;SF;33;TOT;51;28;244;37;79;.464;7;18;.411;29;61;.479;.510;17;24;.742;7;28;35;31;8;3;13;13;98;haywago01
214;Scoot Henderson;PG;19;POR;62;32;285;50;129;.385;14;43;.325;35;85;.416;.440;27;33;.819;9;23;31;54;8;2;34;31;140;hendesc01
215;Taylor Hendricks;PF;20;UTA;40;23;214;27;60;.450;13;35;.379;14;25;.550;.560;6;7;.793;12;35;46;8;7;8;7;19;73;hendrita01
216;Tyler Herro;SG;24;MIA;42;40;335;77;175;.441;31;79;.396;46;96;.478;.531;23;26;.856;5;48;53;45;7;1;22;15;208;herroty01
217;Buddy Hield;SF-SG;31;TOT;84;42;257;44;101;.436;26;68;.386;18;34;.539;.565;6;7;.881;7;25;32;28;8;5;12;20;121;hieldbu01
218;Haywood Highsmith;PF;27;MIA;66;26;207;23;50;.465;12;29;.396;12;21;.562;.581;3;5;.639;10;22;32;11;8;5;5;18;61;highsha01
219;Nate Hinton;SG;24;HOU;15;0;50;7;17;.423;5;9;.500;3;8;.333;.558;3;3;.800;5;10;15;7;2;1;2;7;22;hintona01
220;D'Moi Hodge;SG;25;LAL;7;0;59;7;21;.333;4;17;.250;3;4;.667;.433;1;3;.500;0;0;0;7;1;1;1;6;20;hodgedm01
221;Aaron Holiday;PG;27;HOU;78;1;163;24;53;.446;11;28;.387;13;26;.510;.547;7;8;.921;3;13;16;18;5;1;7;16;66;holidaa01
222;Jrue Holiday;PG;33;BOS;69;69;328;48;100;.480;20;47;.429;28;53;.526;.581;9;10;.833;12;42;54;48;9;8;18;16;125;holidjr01
223;Justin Holiday;SG;34;DEN;58;9;149;15;33;.454;9;23;.404;6;10;.569;.595;1;1;.750;2;11;12;12;6;2;2;12;40;holidju01
224;Richaun Holmes;C-PF;30;TOT;40;10;139;21;37;.558;0;1;.333;20;36;.563;.561;9;12;.723;18;28;46;6;3;5;6;19;50;holmeri01
225;Chet Holmgren;C;21;OKC;82;82;294;62;116;.530;16;43;.370;46;74;.623;.598;27;34;.793;16;63;79;24;6;23;16;24;165;holmgch01
226;Jalen Hood-Schifino;SG;20;LAL;21;0;52;5;21;.222;1;7;.133;4;14;.267;.244;6;10;.600;1;5;6;4;1;1;4;6;16;hoodsja01
227;Al Horford;C;37;BOS;65;33;268;33;64;.511;17;40;.419;16;25;.658;.640;4;5;.867;13;51;64;26;6;10;7;14;86;horfoal01
228;Talen Horton-Tucker;PG;23;UTA;51;11;198;36;91;.396;12;36;.330;24;55;.438;.460;17;21;.807;4;20;24;35;9;4;13;18;101;hortota01
229;Danuel House Jr.;SF;30;PHI;34;4;150;14;31;.448;4;15;.300;9;16;.582;.519;10;14;.761;5;12;17;8;4;1;6;13;42;houseda01
230;Caleb Houstan;SF;21;ORL;59;13;138;14;35;.388;12;33;.373;1;2;.615;.563;4;4;.808;5;9;14;5;3;1;3;10;43;houstca01
231;Jett Howard;SF;20;ORL;18;0;37;6;17;.333;4;14;.280;2;3;.600;.450;1;2;.500;1;3;4;3;1;1;2;2;16;howarje01
232;Kevin Huerter;SG;25;SAC;64;59;244;39;88;.443;19;53;.361;20;34;.571;.553;6;7;.766;6;29;35;26;7;4;8;21;102;huertke01
233;Jay Huff;C;25;DEN;20;0;25;5;8;.600;2;5;.333;3;3;1.000;.700;1;1;1.000;1;5;6;1;1;2;1;5;12;huffja01
234;De'Andre Hunter;SF;26;ATL;57;37;295;53;116;.459;21;53;.385;33;63;.521;.547;29;34;.847;5;34;39;15;7;3;15;26;156;huntede01
235;Matthew Hurt;PF;23;MEM;8;0;141;15;43;.353;6;25;.250;9;18;.500;.426;4;4;1.000;11;9;20;5;4;4;3;10;40;hurtma01
236;Bones Hyland;PG;23;LAC;37;5;146;26;68;.386;12;36;.326;14;31;.457;.474;5;6;.783;1;14;15;25;7;1;12;14;69;hylanbo01
237;Joe Ingles;SF;36;ORL;68;0;172;15;33;.436;10;24;.435;4;10;.439;.590;4;5;.824;3;18;21;30;6;1;10;13;44;inglejo01
238;Brandon Ingram;SF;26;NOP;64;64;329;78;159;.492;13;38;.355;65;121;.534;.534;38;48;.801;7;44;51;57;8;6;25;23;208;ingrabr01
239;Kyrie Irving;SG;31;DAL;58;58;350;97;195;.497;30;73;.411;67;122;.548;.573;33;36;.905;8;42;50;52;13;5;18;19;256;irvinky01
240;Jonathan Isaac;PF;26;ORL;58;2;158;25;49;.510;7;19;.375;18;30;.598;.584;10;14;.720;13;32;45;5;7;12;5;11;68;isaacjo01
241;Jaden Ivey;SG;21;DET;77;61;288;54;126;.429;16;48;.336;38;78;.485;.492;29;39;.749;11;23;34;38;7;5;25;26;154;iveyja01
242;Andre Jackson Jr.;SG;22;MIL;57;8;100;9;18;.500;3;8;.370;6;9;.611;.585;1;2;.727;8;12;20;9;3;1;5;16;22;jacksan01
243;GG Jackson II;PF;19;MEM;48;18;257;50;117;.428;21;60;.357;29;58;.502;.519;24;32;.752;11;30;41;12;6;5;14;13;146;jacksgg01
244;Isaiah Jackson;C;22;IND;59;3;131;26;39;.665;0;1;.000;26;39;.677;.665;12;17;.716;16;24;40;8;6;10;7;23;65;jacksis01
245;Jaren Jackson Jr.;C;24;MEM;66;66;322;78;176;.444;18;55;.320;60;121;.501;.494;51;63;.808;13;42;55;23;12;16;24;36;225;jacksja02
246;Justin Jackson;SF;28;MIN;2;0;5;0;0;;0;0;;0;0;;;0;0;;0;0;0;0;0;0;0;0;0;jacksju01
247;Quenton Jackson;PG;25;IND;3;0;37;0;3;.000;0;0;;0;3;.000;.000;7;7;1.000;0;13;13;7;3;0;0;3;7;jacksqu01
248;Reggie Jackson;PG;33;DEN;82;23;222;40;92;.431;12;35;.359;27;58;.475;.499;10;12;.806;4;15;19;38;5;2;13;18;102;jacksre01
249;Trayce Jackson-Davis;PF;23;GSW;68;16;166;34;49;.702;0;0;.000;34;49;.704;.702;11;19;.561;20;30;50;12;4;11;7;16;79;jackstr02
250;LeBron James;PF;39;LAL;71;71;353;96;179;.540;21;51;.410;75;128;.592;.599;43;57;.750;9;64;73;83;13;5;35;11;257;jamesle01
251;Jaime Jaquez Jr.;SF;22;MIA;75;20;282;45;93;.489;9;27;.322;37;66;.558;.536;19;23;.811;11;27;38;26;10;3;15;22;119;jaqueja01
252;DeJon Jarreau;SG;26;MEM;9;0;167;19;56;.340;4;14;.308;14;41;.351;.380;6;12;.455;9;40;49;29;7;2;10;16;48;jarrede01
253;DaQuan Jeffries;SG;26;NYK;17;0;27;4;10;.353;1;6;.200;2;4;.571;.412;0;1;.000;0;3;3;3;0;1;2;1;8;jeffrda01
254;Trey Jemison;C;24;TOT;25;14;229;30;54;.551;0;0;;30;54;.551;.551;8;10;.840;26;28;54;11;5;11;14;28;68;jemistr01
255;Ty Jerome;SG;26;CLE;2;0;75;10;20;.500;0;5;.000;10;15;.667;.500;0;0;;5;0;5;15;0;0;5;10;20;jeromty01
256;Isaiah Joe;SG;24;OKC;78;1;185;28;62;.458;19;45;.416;10;17;.568;.609;6;7;.865;4;19;23;13;6;3;6;11;82;joeis01
257;Cameron Johnson;PF;27;BRK;58;47;276;48;107;.446;24;61;.391;24;46;.519;.557;15;19;.789;9;34;43;24;8;3;10;18;134;johnsca02
258;Jalen Johnson;SF;22;ATL;56;52;337;64;125;.511;13;36;.355;51;90;.574;.562;19;26;.728;13;74;87;36;12;8;18;24;160;johnsja05
259;James Johnson;PF;36;IND;9;0;52;3;11;.300;0;2;.000;3;9;.375;.300;2;2;1.000;1;3;4;9;6;1;6;10;9;johnsja01
260;Keldon Johnson;SF;24;SAS;69;27;295;57;125;.454;18;53;.346;38;72;.533;.527;25;32;.792;14;41;55;28;7;3;14;22;157;johnske04
261;Keon Johnson;SG;21;BRK;5;0;122;16;42;.381;8;20;.400;8;22;.364;.476;22;24;.917;6;8;14;6;6;2;10;10;62;johnske07
262;Keyontae Johnson;SF;23;OKC;9;0;73;6;18;.313;1;3;.333;4;14;.308;.344;0;0;;4;7;11;4;1;0;4;6;12;johnske08
263;Nikola Joki?;C;28;DEN;79;79;346;104;179;.583;11;29;.359;94;149;.626;.612;45;55;.817;28;95;124;90;14;9;30;25;264;jokicni01
264;Colby Jones;SG;21;SAC;30;0;64;9;24;.394;1;7;.091;9;16;.531;.408;2;4;.545;6;8;13;7;2;2;3;10;21;jonesco02
265;Damian Jones;C;28;CLE;39;0;69;11;18;.597;1;4;.214;10;15;.690;.618;5;5;.857;5;11;16;4;2;3;3;7;27;jonesda03
266;Derrick Jones Jr.;SF;26;DAL;76;66;235;31;65;.483;11;31;.343;21;34;.613;.566;13;18;.713;11;22;33;10;7;7;9;16;86;jonesde02
267;Herbert Jones;SF;25;NOP;76;76;305;39;77;.498;15;36;.418;24;41;.568;.595;18;21;.867;10;26;36;26;14;8;12;29;110;joneshe01
268;Mason Jones;SG;25;SAC;5;0;56;4;16;.250;4;14;.286;0;2;.000;.375;2;4;.500;2;8;10;10;2;0;4;6;14;jonesma05
269;Tre Jones;PG;24;SAS;77;48;278;39;78;.505;8;25;.335;31;53;.584;.558;13;15;.856;8;30;38;62;10;1;15;12;100;jonestr01
270;Tyus Jones;PG;27;WAS;66;66;293;49;101;.489;16;39;.414;33;62;.537;.569;5;6;.800;3;24;27;73;11;3;10;7;120;jonesty01
271;DeAndre Jordan;C;35;DEN;36;2;110;16;26;.624;0;0;;16;26;.624;.624;7;15;.491;15;29;44;7;2;4;6;16;39;jordade01
272;Cory Joseph;PG;32;GSW;26;0;114;9;25;.359;5;16;.310;4;8;.455;.461;2;3;.571;2;9;12;16;2;1;5;10;24;josepco01
273;Nikola Jovi?;PF;20;MIA;46;38;195;28;61;.452;14;35;.399;13;26;.525;.568;7;10;.702;5;36;42;20;5;3;9;18;77;jovicni01
274;Johnny Juzang;SG;22;UTA;20;5;186;26;55;.464;16;39;.416;10;17;.576;.609;5;7;.714;4;15;18;12;2;1;7;15;72;juzanjo01
275;Luke Kennard;SG;27;MEM;39;22;256;36;81;.448;27;61;.450;9;20;.442;.617;10;12;.889;3;26;29;35;5;1;14;10;110;kennalu01
276;Walker Kessler;C;22;UTA;64;22;233;36;55;.654;1;3;.211;35;52;.680;.660;9;15;.602;26;49;75;9;5;24;10;21;81;kesslwa01
277;Braxton Key;SF;26;DEN;20;0;30;4;9;.412;1;3;.400;3;6;.417;.471;3;4;.750;2;8;9;5;1;1;1;3;11;keybr01
278;Corey Kispert;SF;24;WAS;80;22;258;48;99;.486;23;60;.383;25;39;.643;.602;14;20;.726;4;24;28;20;5;2;12;18;134;kispeco01
279;Maxi Kleber;C;32;DAL;43;7;203;15;34;.432;7;21;.348;7;13;.574;.541;8;11;.702;7;26;33;16;4;7;7;18;44;klebima01
280;Kevin Knox;SF;24;DET;31;11;181;28;60;.462;10;30;.330;18;30;.598;.546;6;7;.909;6;18;24;7;4;2;7;16;72;knoxke01
281;John Konchar;SF;27;MEM;55;23;213;16;38;.423;7;22;.317;9;16;.568;.514;4;5;.840;13;34;47;20;9;9;8;14;43;konchjo01
282;Furkan Korkmaz;SG;26;PHI;35;0;86;9;22;.395;4;11;.350;5;10;.444;.487;4;6;.700;1;7;9;7;4;1;3;5;25;korkmfu01
283;Luke Kornet;C;28;BOS;63;7;156;23;32;.700;0;0;1.000;22;32;.698;.702;8;9;.907;19;23;41;11;4;10;3;12;53;kornelu01
284;Vit Krejci;PG;23;ATL;22;14;246;23;47;.490;13;31;.412;10;16;.639;.625;2;3;.833;5;19;24;23;6;3;9;22;61;krejcvi01
285;Jonathan Kuminga;PF;21;GSW;74;46;263;62;116;.529;7;22;.321;54;94;.578;.560;30;40;.746;12;36;48;22;7;5;16;23;161;kuminjo01
286;Kyle Kuzma;PF;28;WAS;70;70;326;87;188;.463;22;64;.336;65;123;.530;.521;27;34;.775;9;57;66;42;5;7;27;22;222;kuzmaky01
287;Jock Landale;C;28;HOU;56;3;136;19;37;.515;2;7;.250;17;30;.578;.539;9;12;.800;16;15;31;12;4;6;6;13;49;landajo01
288;Jake LaRavia;PF;22;MEM;35;6;230;34;87;.389;15;45;.340;19;42;.442;.477;26;31;.826;15;22;37;17;8;3;13;20;108;laravja01
289;Zach LaVine;SG;28;CHI;25;23;349;68;150;.452;24;68;.349;44;83;.536;.531;35;41;.854;3;48;52;39;8;3;21;23;195;lavinza01
290;A.J. Lawson;SG;23;DAL;42;0;74;13;29;.446;3;12;.260;10;17;.577;.500;4;5;.652;3;9;12;5;2;1;3;5;32;lawsoaj01
291;Saben Lee;PG;24;PHO;24;0;77;8;23;.364;1;7;.125;8;16;.462;.382;12;16;.744;4;9;13;13;3;1;3;5;30;leesa01
292;Alex Len;C;30;SAC;48;0;93;10;17;.617;0;1;.000;10;16;.641;.617;4;7;.588;10;17;27;10;2;7;6;14;25;lenal01
293;Kawhi Leonard;SF;32;LAC;68;68;343;90;171;.525;21;49;.417;69;121;.569;.585;37;42;.885;12;49;61;36;16;9;18;14;237;leonaka01
294;Caris LeVert;SG;29;CLE;68;10;288;51;121;.421;16;49;.325;35;72;.486;.487;23;30;.766;6;35;41;51;11;5;17;18;140;leverca01
295;Kira Lewis Jr.;PG;22;TOT;28;0;95;12;33;.370;1;12;.121;11;21;.508;.391;6;7;.850;3;6;9;13;3;1;5;5;32;lewiski01
296;Maxwell Lewis;SF;21;LAL;34;0;30;1;6;.190;0;3;.111;1;4;.250;.214;1;1;.667;1;1;1;2;1;0;3;1;3;lewisma05
297;E.J. Liddell;PF;23;NOP;8;0;29;1;8;.167;0;6;.000;1;1;1.000;.167;3;3;1.000;0;6;6;1;3;3;3;3;5;liddeej01
298;Damian Lillard;PG;33;MIL;73;73;353;74;175;.424;30;85;.354;44;90;.490;.510;65;70;.920;5;39;44;70;10;2;26;18;243;lillada01
299;Nassir Little;SF;23;PHO;45;2;102;13;28;.460;5;16;.300;8;12;.667;.544;4;4;.850;3;14;17;5;2;2;3;9;34;littlna01
300;Dereck Lively II;C;19;DAL;55;42;235;40;54;.747;0;0;.000;40;53;.752;.747;7;15;.506;25;44;69;11;7;14;9;26;88;livelde01
301;Isaiah Livers;PF;25;DET;23;6;204;17;50;.345;10;33;.286;8;17;.462;.440;5;8;.667;7;14;21;11;6;2;7;19;50;liveris01
302;Chris Livingston;SF;20;MIL;21;0;43;5;10;.500;0;2;.200;5;8;.588;.523;1;2;.750;1;9;10;2;1;0;2;7;12;livinch01
303;Kenneth Lofton Jr.;PF;21;TOT;21;0;95;17;37;.462;3;11;.292;14;26;.537;.506;8;12;.654;6;12;18;16;3;2;7;11;46;loftoke01
304;Kevon Looney;C;27;GSW;74;36;161;19;31;.597;0;0;.000;19;31;.599;.597;8;11;.675;19;37;57;18;4;4;7;21;45;looneke01
305;Brook Lopez;C;35;MIL;79;79;305;46;96;.485;19;51;.366;28;44;.621;.583;14;17;.821;15;37;52;16;5;24;10;24;125;lopezbr01
306;Robin Lopez;C;35;MIL;16;2;41;4;12;.368;1;5;.250;3;7;.455;.421;1;1;1.000;2;1;3;3;1;2;1;4;11;lopezro01
307;Kevin Love;PF;35;MIA;55;5;168;29;65;.440;15;44;.344;13;21;.643;.557;15;20;.787;11;51;61;21;3;2;9;18;88;loveke01
308;Kyle Lowry;PG;37;TOT;60;55;282;27;63;.432;16;42;.392;11;21;.512;.562;11;13;.840;6;27;32;42;10;4;14;24;81;lowryky01
309;Seth Lundy;SF;23;ATL;9;0;58;4;19;.235;3;14;.231;1;4;.250;.324;3;4;.750;1;7;8;0;0;0;1;7;16;lundyse01
310;Trey Lyles;PF;28;SAC;58;0;200;25;55;.445;14;38;.384;10;18;.578;.576;8;12;.700;11;34;44;12;3;3;7;15;72;lylestr01
311;Théo Maledon;PG;22;TOT;17;1;125;12;41;.286;3;18;.167;9;24;.375;.321;8;9;.933;2;12;14;16;4;0;11;12;35;maledth01
312;Sandro Mamukelashvili;C;24;SAS;46;5;98;16;34;.471;4;14;.297;12;20;.593;.532;5;7;.735;10;22;32;11;2;3;4;8;41;mamuksa01
313;Terance Mann;SG;27;LAC;75;71;250;34;66;.515;9;27;.348;24;39;.633;.587;11;13;.832;12;22;34;16;6;2;6;19;88;mannte01
314;Tre Mann;PG;22;TOT;41;28;241;35;77;.459;11;31;.373;24;46;.516;.533;11;14;.763;5;31;36;40;12;1;16;12;93;manntr01
315;Boban Marjanovi?;C;35;HOU;14;0;51;13;24;.529;0;1;.000;13;23;.563;.529;6;10;.643;5;18;23;4;1;1;4;4;32;marjabo01
316;Lauri Markkanen;PF;26;UTA;55;55;331;78;162;.480;32;80;.399;46;82;.559;.578;45;50;.899;22;59;82;20;9;5;14;18;232;markkla01
317;Naji Marshall;SF;26;NOP;66;1;190;26;56;.463;9;23;.387;17;33;.516;.542;10;13;.791;8;28;36;19;7;2;10;14;71;marshna01
318;Caleb Martin;SF;28;MIA;64;23;274;38;87;.431;13;36;.349;25;51;.489;.504;12;15;.778;12;32;44;22;7;5;12;20;100;martica02
319;Cody Martin;SF;28;CHO;28;22;269;29;77;.381;10;31;.314;20;46;.426;.444;7;12;.606;7;32;39;37;11;6;16;17;75;martico01
320;KJ Martin;SF;23;TOT;60;2;124;16;30;.536;1;5;.286;15;26;.582;.558;4;7;.537;7;15;22;9;4;2;5;17;37;martike04
321;Garrison Mathews;SG;27;ATL;66;5;150;16;34;.456;13;29;.440;3;5;.545;.644;5;6;.810;3;11;14;6;3;1;3;17;49;mathega01
322;Bennedict Mathurin;SF;21;IND;59;19;261;50;112;.446;14;36;.374;37;76;.481;.507;31;38;.821;10;29;40;20;6;2;16;20;145;mathube01
323;Wesley Matthews;SG;37;ATL;36;3;115;9;27;.351;7;19;.348;3;8;.357;.474;5;7;.750;3;12;15;6;4;3;2;12;31;matthwe02
324;Tyrese Maxey;PG;23;PHI;70;70;375;91;203;.450;30;81;.373;61;121;.501;.524;47;54;.868;5;32;37;62;10;5;17;22;259;maxeyty01
325;Skylar Mays;PG-SG;26;TOT;38;5;114;17;42;.396;4;14;.296;12;28;.448;.447;3;4;.765;3;9;11;22;6;1;5;7;41;mayssk01
326;Miles McBride;PG;23;NYK;68;14;195;30;67;.452;16;39;.410;14;28;.511;.572;6;7;.860;5;10;15;17;7;1;4;16;83;mcbrimi01
327;CJ McCollum;PG;32;NOP;66;66;327;73;160;.459;36;84;.429;37;75;.492;.572;17;21;.827;6;37;43;46;9;6;17;19;200;mccolcj01
328;T.J. McConnell;PG;31;IND;71;4;182;46;84;.556;3;6;.409;44;77;.568;.572;7;9;.790;5;22;27;55;10;1;15;11;102;mccontj01
329;Jaden McDaniels;SF;23;MIN;72;71;292;43;87;.489;12;35;.337;31;52;.592;.557;8;11;.722;8;23;31;14;9;6;12;30;105;mcdanja02
330;Jalen McDaniels;SF;26;TOR;50;1;108;13;38;.344;2;14;.169;11;24;.449;.376;5;7;.730;4;12;16;7;4;1;6;10;34;mcdanja01
331;Doug McDermott;SF;32;TOT;64;0;141;19;44;.433;15;36;.410;5;9;.527;.599;2;3;.579;2;8;9;11;3;0;4;10;55;mcderdo01
332;JaVale McGee;C;36;SAC;46;0;74;17;29;.598;0;2;.143;17;27;.624;.602;6;10;.578;9;18;27;4;3;4;7;10;40;mcgeeja01
333;Bryce McGowens;SG;21;CHO;59;14;149;17;39;.439;6;17;.333;11;22;.523;.513;11;14;.776;3;14;17;9;4;2;5;13;51;mcgowbr01
334;Jordan McLaughlin;PG;27;MIN;56;0;112;13;26;.483;8;16;.472;5;10;.500;.628;2;3;.722;3;10;13;20;6;1;3;6;35;mclaujo01
335;De'Anthony Melton;SG;25;PHI;38;33;269;37;95;.386;20;56;.360;16;38;.425;.493;17;21;.835;7;30;37;30;16;4;10;22;111;meltode01
336;Nathan Mensah;C;25;CHO;25;0;123;5;11;.429;0;0;;5;11;.429;.429;4;5;.750;12;14;26;4;2;6;6;26;13;mensana01
337;Sam Merrill;SG;27;CLE;61;1;175;26;64;.402;23;58;.404;2;6;.385;.584;4;5;.929;4;16;20;18;3;1;3;12;80;merrisa01
338;Chimezie Metu;C;26;TOT;51;12;168;24;48;.504;5;18;.298;19;29;.633;.561;11;13;.906;8;30;38;9;8;3;10;14;65;metuch01
339;Vasilije Mici?;PG;30;TOT;60;21;196;27;62;.430;7;26;.279;19;36;.537;.488;10;13;.813;2;12;15;44;5;1;17;11;70;micicva01
340;Khris Middleton;SF;32;MIL;55;55;270;58;117;.493;17;45;.381;41;72;.563;.566;18;22;.833;7;39;47;53;9;3;23;26;151;middlkh01
341;Brandon Miller;SF;21;CHO;74;68;322;64;146;.440;25;67;.373;39;80;.495;.524;19;23;.827;8;34;43;24;9;6;18;25;173;millebr02
342;Jordan Miller;SF;24;LAC;8;0;35;6;11;.556;1;3;.500;5;9;.571;.611;3;3;1.000;4;3;6;0;0;0;1;3;16;millejo02
343;Leonard Miller;SF;20;MIN;17;0;31;8;12;.650;1;3;.400;6;9;.733;.700;1;1;.500;3;9;12;5;1;1;1;3;17;millele01
344;Dariq Whitehead;SF;19;BRK;2;0;120;5;25;.200;0;15;.000;5;10;.500;.200;5;10;.500;0;20;20;15;0;5;0;0;15;whiteda01
345;Patty Mills;PG;35;TOT;32;5;130;14;41;.351;8;27;.276;7;14;.500;.443;3;3;1.000;3;8;11;11;6;0;5;10;40;millspa02
346;Shake Milton;SG;27;TOT;48;0;121;16;41;.405;4;13;.281;13;27;.466;.451;8;10;.816;3;13;16;13;4;1;6;11;45;miltosh01
347;Justin Minaya;SF;24;POR;34;1;112;6;22;.297;4;14;.245;3;7;.400;.378;1;3;.556;9;8;16;6;3;3;3;10;18;minayju01
348;Josh Minott;SF;21;MIN;32;0;28;5;11;.472;1;3;.400;4;8;.500;.528;4;4;.857;1;4;5;3;2;2;1;3;16;minotjo01
349;Davion Mitchell;PG;25;SAC;72;4;153;20;45;.452;8;22;.361;12;23;.539;.540;4;6;.714;3;11;13;19;2;0;6;12;53;mitchda01
350;Donovan Mitchell;SG;27;CLE;55;55;353;91;198;.462;33;90;.368;58;108;.539;.545;50;58;.865;8;43;51;61;18;5;28;21;266;mitchdo01
351;Evan Mobley;PF;22;CLE;50;50;306;64;110;.580;4;12;.373;60;99;.604;.600;25;34;.719;22;71;94;32;9;14;18;27;157;mobleev01
352;Isaiah Mobley;PF;24;CLE;10;0;72;10;24;.417;3;10;.300;7;14;.500;.479;0;1;.000;3;7;10;6;2;0;2;6;23;mobleis01
353;Malik Monk;SG;25;SAC;72;0;260;55;124;.443;21;59;.350;34;65;.528;.526;24;28;.829;4;26;29;51;6;5;21;22;154;monkma01
354;Moses Moody;SG;21;GSW;66;9;175;29;64;.462;11;30;.360;18;33;.555;.548;11;14;.785;10;20;30;9;6;4;7;14;81;moodymo01
355;Xavier Moon;SG;29;LAC;14;1;85;11;33;.326;1;12;.118;9;21;.448;.348;1;1;.500;6;7;13;15;2;2;4;6;24;moonxa01
356;Taze Moore;SG;25;POR;4;0;100;20;48;.421;3;18;.143;18;30;.583;.447;3;5;.500;10;10;20;13;5;0;8;10;45;mooreta02
357;Wendell Moore Jr.;SG;22;MIN;25;0;30;4;7;.500;0;2;.000;4;5;.750;.500;0;0;;0;5;5;2;2;0;2;2;7;moorewe01
358;Ja Morant;PG;24;MEM;9;9;353;89;189;.471;16;57;.275;73;132;.555;.512;58;71;.813;7;49;56;81;8;6;30;21;251;moranja01
359;Marcus Morris;PF;34;TOT;49;7;167;24;54;.439;10;24;.403;14;30;.469;.530;7;9;.818;5;23;27;7;3;3;6;15;64;morrima03
360;Markieff Morris;PF;34;DAL;26;1;83;9;26;.338;6;16;.357;3;10;.308;.449;2;2;.833;2;13;15;6;2;1;5;5;25;morrima02
361;Monte Morris;PG;28;TOT;33;0;144;19;46;.405;8;21;.386;11;25;.422;.493;4;6;.684;2;15;17;21;6;3;2;4;50;morrimo01
362;Trey Murphy III;SF;23;NOP;57;23;296;48;109;.443;30;78;.380;19;31;.602;.579;22;26;.815;7;42;49;22;9;5;6;12;148;murphtr02
363;Dejounte Murray;SG;27;ATL;78;78;357;86;188;.459;26;71;.363;60;117;.518;.528;27;34;.794;8;45;53;64;14;3;26;18;225;murrade01
364;Jamal Murray;PG;26;DEN;59;59;315;80;167;.481;25;58;.425;56;109;.510;.554;27;31;.853;7;34;41;65;10;7;21;18;212;murraja01
365;Keegan Murray;SF;23;SAC;77;77;336;58;127;.454;24;66;.358;34;60;.560;.548;13;16;.831;14;41;55;17;10;8;8;27;152;murrake02
366;Kris Murray;SF;23;POR;62;29;217;23;59;.396;8;30;.268;15;30;.525;.463;6;9;.661;14;22;36;13;9;3;9;15;61;murrakr01
367;Mike Muscala;C;32;TOT;53;6;113;11;29;.359;5;18;.292;5;11;.467;.449;3;5;.680;7;16;24;7;2;2;4;10;30;muscami01
368;Svi Mykhailiuk;SF;26;BOS;41;2;101;14;33;.416;10;26;.389;4;7;.517;.569;1;2;.667;3;10;12;9;3;0;3;5;40;mykhasv01
369;Larry Nance Jr.;C;31;NOP;61;0;199;23;40;.573;4;11;.415;18;29;.631;.629;8;10;.770;15;35;50;19;10;3;8;16;57;nancela02
370;Pete Nance;PF;23;CLE;8;0;34;1;8;.167;1;1;1.000;0;6;.000;.250;0;3;.000;0;4;4;0;1;0;1;3;4;nancepe01
371;Andrew Nembhard;PG;24;IND;68;47;250;38;77;.498;9;25;.357;29;52;.567;.557;7;8;.804;5;15;21;41;9;1;15;21;92;nembhan01
372;Aaron Nesmith;SF;24;IND;72;47;277;44;88;.496;19;46;.419;24;42;.581;.606;15;19;.781;9;29;38;15;9;7;9;33;122;nesmiaa01
373;Georges Niang;PF;30;CLE;82;10;223;35;77;.449;18;48;.376;16;29;.572;.567;6;7;.850;3;31;34;12;4;2;9;23;94;niangge01
374;Daishen Nix;PG;21;MIN;15;0;33;6;16;.375;4;11;.353;2;5;.429;.500;2;4;.500;1;1;2;4;3;0;3;1;18;nixda01
375;Zeke Nnaji;PF;23;DEN;58;0;99;12;26;.463;1;4;.261;11;22;.500;.483;7;11;.677;11;11;22;6;3;7;5;14;32;nnajize01
376;Jaylen Nowell;SG;24;TOT;13;1;165;26;60;.436;5;22;.207;22;38;.571;.474;5;7;.778;5;14;18;15;3;2;5;12;62;nowelja01
377;Markquis Nowell;SG;24;TOR;1;0;40;0;10;.000;0;0;;0;10;.000;.000;20;20;1.000;20;0;20;20;10;0;0;0;20;nowelma01
378;Frank Ntilikina;PG;25;CHO;5;0;86;2;18;.111;2;16;.125;0;2;.000;.167;4;4;1.000;2;10;12;8;0;0;2;8;10;ntilila01
379;Jusuf Nurki?;C;29;PHO;76;76;273;42;83;.510;3;12;.244;39;71;.555;.528;22;34;.640;29;81;110;40;11;11;23;33;109;nurkiju01
380;Jordan Nwora;SF;25;TOT;52;1;137;27;58;.462;8;25;.336;18;32;.560;.535;8;10;.830;5;23;29;12;5;3;10;9;70;nworajo01
381;Royce O'Neale;SF;30;TOT;79;14;247;27;68;.397;20;53;.370;7;15;.496;.542;3;4;.686;8;40;48;28;7;6;9;22;77;onealro01
382;Chuma Okeke;SF;25;ORL;47;8;92;9;24;.357;5;17;.280;4;6;.567;.460;1;1;.571;4;13;17;4;2;1;3;4;23;okekech01
383;Josh Okogie;SG;25;PHO;60;11;160;14;34;.417;5;16;.309;10;19;.509;.488;13;17;.745;12;13;26;11;8;4;6;11;46;okogijo01
384;Onyeka Okongwu;C;23;ATL;55;8;255;41;66;.611;4;13;.333;36;54;.676;.642;17;21;.793;26;42;68;13;5;11;8;29;102;okongon01
385;Isaac Okoro;SF;23;CLE;69;42;273;34;70;.490;12;31;.391;22;38;.570;.577;13;20;.679;10;20;30;19;8;5;8;20;94;okorois01
386;Kelly Olynyk;C;32;TOT;78;27;226;35;64;.555;8;20;.387;28;44;.632;.616;19;23;.833;14;39;53;44;9;4;19;29;98;olynyke01
387;Eugene Omoruyi;SF;26;WAS;43;0;91;19;39;.485;3;11;.283;16;28;.562;.524;7;11;.653;8;12;20;8;6;1;5;14;48;omorueu01
388;Cedi Osman;SF;28;SAS;72;3;176;26;53;.479;12;31;.389;14;23;.601;.591;5;7;.673;3;22;25;17;5;2;7;15;68;osmande01
389;Kelly Oubre Jr.;SF;28;PHI;68;52;302;57;129;.441;15;48;.311;42;81;.517;.498;26;34;.750;14;36;50;15;11;7;13;29;154;oubreke01
390;Chris Paul;PG;38;GSW;58;18;264;36;81;.441;13;36;.371;22;44;.498;.525;7;9;.827;3;36;39;68;12;1;13;19;92;paulch01
391;Cameron Payne;PG;29;TOT;78;10;167;27;62;.432;13;34;.390;13;27;.486;.541;7;9;.866;3;12;15;26;5;1;8;16;74;payneca01
392;Gary Payton II;SG;31;GSW;44;0;155;23;42;.563;5;13;.364;19;29;.648;.617;3;5;.609;10;15;26;11;9;4;6;18;55;paytoga02
393;Mãozinha Pereira;SF;23;MEM;7;1;174;26;50;.514;7;19;.385;19;31;.591;.586;10;14;.700;16;37;53;3;9;6;7;14;69;pereima01
394;Drew Peterson;PF;24;BOS;3;0;77;13;20;.667;10;17;.600;3;3;1.000;.917;0;0;;0;3;3;3;7;0;3;3;37;peterdr01
395;Filip Petrušev;C;23;TOT;3;0;33;3;7;.500;0;0;;3;7;.500;.500;3;7;.500;0;3;3;0;0;0;0;3;10;petrufi01
396;Julian Phillips;SF;20;CHI;40;0;81;8;19;.416;3;10;.316;5;10;.513;.494;3;5;.684;3;6;9;3;2;2;3;10;22;phillju01
397;Jalen Pickett;SG;24;DEN;27;0;45;6;13;.429;3;9;.360;2;4;.600;.557;1;1;.750;0;5;5;8;1;0;3;5;16;pickeja02
398;Scotty Pippen Jr.;PG;23;MEM;21;16;251;48;97;.493;14;34;.417;33;62;.534;.567;20;26;.745;10;21;32;47;17;5;27;29;129;pippesc02
399;Mason Plumlee;C;33;LAC;46;11;147;19;33;.569;0;1;.000;19;32;.592;.569;15;22;.707;13;38;51;12;3;4;8;15;53;plumlma01
400;Brandin Podziemski;SG;20;GSW;74;28;266;37;81;.454;12;32;.385;24;49;.499;.529;7;11;.633;16;42;58;37;8;2;12;16;92;podzibr01
401;Jakob Poeltl;C;28;TOR;50;50;264;50;76;.656;0;0;;50;76;.656;.656;12;21;.551;29;57;86;25;7;15;15;30;111;poeltja01
402;Aleksej Pokusevski;PF;22;TOT;28;0;145;18;43;.405;6;20;.327;11;24;.470;.479;11;15;.732;6;26;32;13;5;5;7;8;52;pokusal01
403;Jordan Poole;SG;24;WAS;78;66;301;63;152;.413;24;72;.326;39;80;.492;.491;25;28;.877;4;23;27;44;11;3;24;31;174;poolejo01
404;Craig Porter Jr.;PG;23;CLE;51;6;127;23;45;.509;2;7;.353;20;38;.536;.535;8;11;.732;4;17;21;23;4;3;9;8;56;portecr01
405;Jontay Porter;PF;24;TOR;26;5;138;15;40;.385;8;23;.333;8;17;.455;.481;6;7;.833;10;22;32;23;8;8;8;13;44;portejo01
406;Michael Porter Jr.;SF;25;DEN;81;81;317;64;133;.484;27;68;.397;37;65;.575;.586;11;14;.836;13;57;70;15;5;7;11;18;167;portemi01
407;Otto Porter Jr.;SF;30;TOR;15;1;116;9;22;.424;5;15;.348;4;7;.600;.545;2;2;1.000;4;15;19;5;3;3;1;13;26;porteot01
408;Bobby Portis;PF;28;MIL;82;4;245;57;112;.508;12;30;.407;45;82;.545;.562;12;15;.790;17;57;74;13;8;4;11;23;138;portibo01
409;Kristaps Porzi??is;C;28;BOS;57;57;296;68;132;.516;19;51;.375;49;81;.606;.589;45;53;.858;17;55;72;20;7;19;16;27;201;porzikr01
410;Micah Potter;PF;25;UTA;16;0;116;12;25;.475;6;13;.429;6;12;.526;.588;4;5;.750;6;21;27;4;3;4;3;9;33;pottemi01
411;Dwight Powell;C;32;DAL;63;9;133;11;17;.679;0;0;.333;11;16;.689;.684;10;14;.708;15;19;34;13;4;3;5;18;33;poweldw01
412;Norman Powell;SG;30;LAC;76;3;262;49;101;.486;22;51;.435;27;51;.536;.594;19;23;.831;2;24;26;11;6;3;9;18;139;powelno01
413;Jason Preston;PG;24;UTA;7;0;101;9;27;.316;0;4;.000;9;23;.375;.316;0;0;;9;16;24;23;3;1;3;4;17;prestja01
414;Joshua Primo;SG;21;LAC;2;0;50;5;15;.333;0;5;.000;5;10;.500;.333;0;0;;5;0;5;0;0;5;20;0;10;primojo01
415;Taurean Prince;PF;29;LAL;78;49;270;32;73;.442;18;46;.396;14;28;.519;.566;6;9;.735;3;27;29;15;7;4;9;19;89;princta02
416;Payton Pritchard;PG;26;BOS;82;5;223;36;77;.468;18;47;.385;18;31;.593;.583;6;7;.821;9;24;32;34;5;1;7;13;96;pritcpa01
417;Olivier-Maxence Prosper;PF;21;DAL;40;1;84;10;26;.385;3;11;.289;7;15;.458;.447;7;10;.683;6;14;20;6;2;1;2;5;30;prospol01
418;Trevelin Queen;SG;26;ORL;14;0;118;10;27;.368;2;12;.176;8;15;.524;.408;6;9;.750;2;12;14;13;5;4;5;11;29;queentr01
419;Neemias Queta;C;24;BOS;28;0;119;24;37;.644;0;0;;24;37;.644;.644;7;10;.714;19;25;44;7;5;8;5;18;55;quetane01
420;Immanuel Quickley;PG-SG;24;TOT;68;38;292;57;131;.434;25;64;.395;32;68;.471;.530;31;36;.853;3;36;38;49;7;1;15;18;170;quickim01
421;Lester Quinones;SG;23;GSW;37;0;106;15;38;.397;9;24;.364;6;14;.453;.511;5;8;.690;6;14;19;10;2;1;5;12;44;quinole01
422;Jahmi'us Ramsey;SG;22;TOR;7;1;173;26;59;.439;9;31;.273;17;27;.632;.512;7;9;.833;6;26;31;11;10;0;10;14;67;ramseja01
423;Julius Randle;PF;29;NYK;46;46;354;86;182;.472;17;53;.311;69;129;.539;.518;51;66;.781;22;70;92;50;5;3;35;27;240;randlju01
424;Duop Reath;C;27;POR;68;20;179;34;73;.461;13;36;.359;21;37;.559;.549;10;14;.742;14;23;37;10;5;6;8;24;91;reathdu01
425;Austin Reaves;SG;25;LAL;82;57;321;56;115;.486;19;51;.367;37;63;.583;.568;28;33;.853;7;36;43;55;8;3;21;19;159;reaveau01
426;Cam Reddish;SF;24;LAL;48;26;205;19;49;.389;8;23;.336;11;26;.435;.468;9;11;.759;6;15;21;10;10;3;6;13;54;reddica01
427;Paul Reed;C;24;PHI;82;24;194;32;59;.540;3;7;.368;29;52;.563;.561;7;10;.718;24;36;60;13;8;10;8;24;73;reedpa01
428;Naz Reid;C;24;MIN;81;14;242;50;105;.477;21;50;.414;29;55;.535;.576;13;18;.736;9;43;52;13;8;9;14;21;135;reidna01
429;Jared Rhoden;SG;24;DET;17;0;144;19;39;.500;7;18;.387;12;21;.600;.591;3;5;.625;2;18;19;8;2;8;4;16;49;rhodeja01
430;Nick Richards;C;26;CHO;67;51;263;39;56;.691;0;0;.000;39;56;.693;.691;20;27;.737;26;55;80;8;4;11;11;26;97;richani01
431;Josh Richardson;SG;30;MIA;43;6;257;36;81;.444;15;44;.347;20;37;.561;.539;12;13;.944;4;24;28;24;6;3;8;18;99;richajo01
432;Duncan Robinson;SF;29;MIA;68;36;280;45;99;.450;28;70;.395;17;30;.579;.589;12;13;.889;2;23;25;28;7;2;14;24;129;robindu01
433;Jerome Robinson;SG;26;GSW;22;0;37;5;15;.333;1;8;.118;4;7;.563;.364;3;5;.636;0;2;3;2;0;1;1;2;14;robinje01
434;Mitchell Robinson;C;25;NYK;31;21;248;24;41;.575;0;0;;24;41;.575;.575;9;21;.409;46;39;85;6;12;11;8;18;56;robinmi01
435;Orlando Robinson;C;23;MIA;36;7;84;10;20;.500;2;4;.533;8;16;.491;.556;5;7;.760;8;16;23;9;2;2;5;10;28;robinor01
436;Jeremiah Robinson-Earl;PF;23;NOP;39;1;86;12;24;.474;3;10;.333;8;14;.571;.542;3;4;.750;6;14;19;5;3;1;4;6;29;robinje02
437;David Roddy;PF;22;TOT;65;13;181;25;63;.403;7;25;.293;18;38;.478;.462;7;10;.691;8;24;32;12;4;2;9;11;65;roddyda01
438;Ryan Rollins;PG;21;TOT;13;0;60;11;21;.519;2;3;.750;8;18;.478;.574;10;13;.765;2;8;10;11;8;2;6;6;34;rolliry01
439;Derrick Rose;PG;35;MEM;24;7;166;32;69;.461;6;17;.366;25;52;.492;.506;10;11;.889;3;16;19;33;3;1;13;9;80;rosede01
440;Terry Rozier;PG-SG;29;TOT;61;60;334;72;164;.443;24;67;.363;48;96;.498;.518;28;32;.869;6;35;40;56;10;3;17;17;198;roziete01
441;Rayan Rupert;SG;19;POR;39;12;162;14;41;.335;7;20;.359;7;21;.313;.422;5;6;.760;6;17;24;16;3;1;8;14;40;ruperra01
442;D'Angelo Russell;PG;27;LAL;76;69;327;65;142;.456;30;72;.415;35;70;.497;.560;21;25;.828;4;27;31;63;9;5;21;21;180;russeda01
443;Matt Ryan;SF;26;NOP;28;1;139;18;40;.434;15;33;.451;3;8;.364;.615;5;5;.929;2;12;14;6;2;0;7;11;54;ryanma01
444;Domantas Sabonis;C;27;SAC;82;82;357;77;130;.594;4;11;.379;73;120;.613;.609;36;51;.704;36;101;137;82;9;6;33;30;194;sabondo01
445;Luka Šamani?;PF;24;UTA;43;7;94;14;37;.380;3;15;.203;11;22;.500;.421;10;13;.786;5;19;24;4;1;2;7;7;41;samanlu01
446;Jermaine Samuels;SF;25;HOU;14;0;43;6;10;.643;0;1;.000;6;9;.750;.643;1;1;1.000;2;7;9;2;1;1;0;4;14;samueje01
447;Adama Sanogo;PF;21;CHI;9;0;73;16;30;.519;0;0;;16;30;.519;.519;9;13;.667;21;19;40;0;1;0;6;6;40;sanogad01
448;Gui Santos;PF;21;GSW;23;0;83;12;24;.509;4;12;.370;8;12;.643;.600;7;7;.941;7;14;21;6;2;1;3;10;36;santogu01
449;Dario Šari?;C;29;GSW;64;9;172;28;61;.466;12;31;.376;17;30;.560;.562;12;15;.849;11;33;44;23;5;2;12;18;80;saricda01
450;Olivier Sarr;C;24;OKC;15;0;65;7;13;.579;1;4;.333;6;9;.692;.632;7;10;.667;7;17;24;1;0;5;2;12;23;sarrol01
451;Marcus Sasser;PG;23;DET;71;11;190;31;72;.428;13;34;.375;18;38;.474;.516;8;9;.879;2;16;18;33;6;2;13;15;83;sassema01
452;Admiral Schofield;PF;26;ORL;23;0;37;4;11;.385;3;7;.375;2;4;.400;.500;0;1;.000;1;6;7;3;0;0;2;4;11;schofad01
453;Dennis Schröder;PG;30;TOT;80;58;311;50;116;.435;17;46;.375;33;70;.474;.509;22;27;.836;5;25;30;61;8;2;19;21;140;schrode01
454;Dereon Seabron;SG;23;NOP;6;0;92;7;22;.308;2;3;.500;5;18;.273;.346;8;10;.833;2;10;12;8;3;2;0;7;23;seabrde01
455;Alperen Sengun;C;21;HOU;63;63;325;84;156;.537;5;18;.297;78;138;.567;.553;39;56;.693;29;64;93;50;12;7;26;33;211;sengual01
456;Brice Sensabaugh;SF;20;UTA;32;11;183;27;68;.390;11;36;.296;16;32;.495;.468;12;13;.902;5;27;32;17;4;2;15;13;75;sensabr01
457;Collin Sexton;SG;25;UTA;78;51;266;65;133;.487;16;42;.394;48;91;.530;.549;41;47;.859;9;17;26;49;8;2;21;20;187;sextoco01
458;Landry Shamet;SG;26;WAS;46;5;158;26;60;.431;12;34;.338;14;25;.556;.527;8;10;.826;3;10;13;12;5;2;7;17;71;shamela01
459;Day'Ron Sharpe;C;22;BRK;61;1;151;28;48;.571;1;2;.267;27;46;.588;.578;12;20;.610;26;37;64;14;4;7;11;21;68;sharpda01
460;Shaedon Sharpe;SG;20;POR;32;25;331;55;136;.406;19;56;.333;36;79;.457;.475;31;37;.824;13;37;50;29;9;4;23;28;159;sharpsh01
461;Ben Sheppard;SG;22;IND;57;1;143;16;40;.393;9;27;.314;7;13;.562;.500;4;5;.885;3;13;16;9;6;0;3;15;44;sheppbe01
462;Pascal Siakam;PF;29;TOT;80;80;332;85;159;.536;11;31;.346;75;128;.581;.569;36;50;.732;17;53;71;43;8;3;18;24;217;siakapa01
463;Ben Simmons;PG;27;BRK;15;12;239;29;49;.581;0;0;;29;49;.581;.581;4;10;.400;21;59;79;57;8;6;18;24;61;simmobe01
464;Kobi Simmons;PG;26;TOR;4;0;168;23;53;.429;5;20;.250;18;33;.538;.476;0;0;;3;15;18;30;15;5;3;13;50;simmoko01
465;Anfernee Simons;SG;24;POR;46;46;344;78;182;.430;34;88;.385;44;94;.472;.523;35;39;.916;5;32;36;55;5;1;27;21;226;simonan01
466;Zavier Simpson;PG;26;MEM;7;0;230;24;77;.315;7;24;.294;17;53;.324;.361;4;6;.750;6;23;29;36;10;4;14;16;60;simpsza01
467;Jericho Sims;C;25;NYK;45;11;130;8;12;.691;0;0;;8;12;.691;.691;4;5;.667;12;20;33;6;2;4;4;10;20;simsje01
468;Dmytro Skapintsev;C;25;NYK;2;0;10;0;5;.000;0;0;;0;5;.000;.000;0;0;;0;0;0;0;0;0;0;0;0;skapidm01
469;Jalen Slawson;SF;24;SAC;12;0;31;3;5;.667;0;2;.000;3;3;1.000;.667;0;0;;1;5;6;2;1;1;2;7;7;slawsja01
470;Javonte Smart;PG;24;PHI;1;0;10;0;0;;0;0;;0;0;;;0;0;;0;0;0;0;0;0;0;0;0;smartja01
471;Marcus Smart;PG;29;MEM;20;20;303;51;119;.430;21;67;.313;30;52;.583;.519;22;28;.768;3;24;27;43;21;3;31;27;145;smartma01
472;Dennis Smith Jr.;PG;26;BRK;56;2;189;26;60;.435;6;19;.294;21;41;.502;.482;8;10;.741;9;20;29;36;12;2;12;22;66;smithde03
473;Dru Smith;SG;26;MIA;9;0;146;17;37;.455;8;19;.412;9;18;.500;.561;2;2;1.000;7;9;16;16;10;3;6;13;43;smithdr01
474;Ish Smith;PG;35;CHO;43;5;172;15;37;.418;1;2;.500;14;35;.413;.430;1;1;.750;3;15;18;34;4;1;11;11;32;smithis01
475;Jabari Smith Jr.;PF;20;HOU;76;76;319;50;110;.454;18;50;.363;32;60;.530;.537;20;24;.811;18;63;81;16;7;8;12;26;137;smithja05
476;Jalen Smith;C;23;IND;61;14;172;38;65;.592;10;24;.424;28;41;.689;.670;12;17;.692;18;37;55;10;3;6;7;20;99;smithja04
477;Nick Smith Jr.;SG;19;CHO;51;0;143;22;57;.391;12;29;.432;10;28;.350;.500;3;3;.867;4;11;14;12;2;1;8;11;59;smithni01
478;Terquavion Smith;PG;21;PHI;16;0;53;11;29;.391;8;22;.371;3;7;.455;.533;2;3;.600;0;3;3;8;5;0;4;5;33;smithte01
479;Jeremy Sochan;PF;20;SAS;74;73;296;46;105;.438;9;31;.308;36;74;.492;.483;15;19;.771;19;46;64;34;8;5;19;23;116;sochaje01
480;Pat Spencer;PG;27;GSW;6;0;43;3;7;.500;0;3;.000;3;3;1.000;.500;0;0;;3;3;7;8;0;0;2;2;7;spencpa01
481;Jaden Springer;SG-PG;21;TOT;49;2;103;12;30;.399;2;10;.208;10;20;.490;.432;7;9;.833;7;9;16;9;7;3;7;13;33;sprinja01
482;Lamar Stevens;PF;26;TOT;38;3;147;28;63;.450;4;12;.304;25;51;.485;.479;11;14;.778;9;24;33;7;6;6;6;12;72;stevela01
483;Isaiah Stewart;PF;22;DET;46;45;309;40;83;.487;15;38;.383;26;45;.575;.575;14;18;.753;16;50;66;16;4;8;14;22;109;stewais01
484;Julian Strawther;SF;21;DEN;50;0;109;16;44;.369;8;28;.297;8;17;.488;.462;4;6;.710;1;11;12;9;3;1;5;11;45;strawju01
485;Max Strus;SF;27;CLE;70;70;320;43;104;.418;24;68;.351;19;36;.546;.533;11;14;.794;9;39;48;40;9;4;16;24;122;strusma01
486;Jalen Suggs;SG;22;ORL;75;75;270;45;95;.471;20;51;.397;24;44;.556;.578;16;21;.756;6;24;31;27;14;6;18;27;126;suggsja01
487;Cole Swider;SF;24;MIA;18;0;48;8;21;.395;6;17;.333;3;4;.625;.526;1;1;1.000;1;3;4;3;1;1;4;2;23;swideco01
488;Jae'Sean Tate;SF;28;HOU;65;9;159;17;35;.472;4;12;.299;13;23;.559;.522;4;6;.667;9;21;30;10;6;2;6;21;41;tateja01
489;Jayson Tatum;PF;25;BOS;74;74;357;91;193;.471;31;82;.376;60;110;.542;.552;56;67;.833;9;72;81;49;10;6;25;20;269;tatumja01
490;Terry Taylor;PF;24;CHI;31;0;61;6;13;.513;1;3;.222;6;10;.600;.538;1;2;.800;5;6;12;3;2;1;2;5;15;taylote01
491;Garrett Temple;SG;37;TOR;27;2;107;11;29;.372;4;15;.300;6;14;.447;.449;7;8;.818;7;10;17;10;4;1;5;10;33;templga01
492;Dalen Terry;SG;21;CHI;59;2;115;12;27;.439;3;13;.230;9;14;.627;.494;4;7;.581;5;14;19;14;5;3;5;14;31;terryda01
493;Daniel Theis;C;31;TOT;60;3;169;26;49;.532;4;12;.366;22;37;.586;.577;6;8;.760;14;27;41;10;4;9;7;21;63;theisda01
494;Cam Thomas;SG;22;BRK;66;51;314;80;180;.442;22;60;.364;58;120;.481;.503;43;51;.856;4;28;32;29;7;2;19;21;225;thomaca02
495;Isaiah Thomas;PG;34;PHO;6;0;32;5;17;.300;3;7;.500;2;10;.167;.400;0;0;;0;0;0;5;0;0;0;0;13;thomais02
496;Amen Thompson;SF;21;HOU;62;23;224;39;72;.536;1;9;.138;37;63;.595;.545;17;25;.684;24;42;66;26;13;6;15;23;95;thompam01
497;Ausar Thompson;SF;21;DET;63;38;251;37;76;.483;3;18;.186;33;58;.575;.505;11;19;.597;20;43;64;19;11;9;13;28;88;thompau01
498;Klay Thompson;SF;33;GSW;77;63;297;64;147;.432;35;90;.387;29;57;.503;.551;16;18;.927;5;28;33;23;6;5;15;16;179;thompkl01
499;Tristan Thompson;C;32;CLE;49;0;112;15;24;.608;0;0;.000;15;24;.613;.608;3;11;.288;15;21;36;10;2;3;6;12;33;thomptr01
500;JT Thor;PF;21;CHO;63;3;124;13;29;.437;4;13;.346;8;16;.510;.514;2;3;.550;7;16;23;5;2;4;2;10;32;thorjt01
501;Matisse Thybulle;SF;26;POR;65;19;229;19;49;.397;12;36;.346;7;13;.535;.524;3;4;.759;5;16;21;14;17;8;6;14;54;thybuma01
502;Xavier Tillman Sr.;C-PF;25;TOT;54;15;180;22;52;.434;4;15;.247;19;37;.510;.470;4;9;.440;13;26;39;14;9;8;6;14;53;tillmxa01
503;Jacob Toppin;SF;23;NYK;9;0;42;6;10;.556;1;4;.250;4;6;.800;.611;2;2;1.000;3;4;8;3;0;1;1;3;14;toppija01
504;Obi Toppin;PF;25;IND;82;28;211;40;71;.573;12;31;.403;28;40;.706;.661;9;12;.770;10;29;39;16;6;5;8;17;103;toppiob01
505;Juan Toscano-Anderson;SF;30;SAC;11;0;48;3;11;.250;1;4;.250;2;7;.250;.292;0;0;;4;9;13;4;1;1;2;10;6;toscaju01
506;Karl-Anthony Towns;PF;28;MIN;62;62;327;77;153;.504;22;53;.416;55;101;.550;.575;41;47;.873;15;68;83;30;7;7;29;33;218;townska01
507;Gary Trent Jr.;SG;25;TOR;71;41;281;51;119;.426;25;64;.393;26;55;.464;.531;10;14;.771;4;23;26;17;11;1;7;14;137;trentga02
508;Oscar Tshiebwe;PF;24;IND;8;0;53;13;25;.500;0;0;;13;25;.500;.500;8;10;.750;10;10;20;3;3;1;0;4;33;tshieos01
509;P.J. Tucker;PF;38;TOT;31;10;157;6;16;.360;4;11;.371;2;5;.333;.490;1;1;1.000;9;18;27;5;5;2;3;17;17;tuckepj01
510;Myles Turner;C;27;IND;77;77;270;62;118;.524;15;42;.358;47;76;.615;.587;32;41;.773;15;55;69;13;5;19;14;30;171;turnemy01
511;Hunter Tyson;PF;23;DEN;18;0;27;4;11;.400;2;8;.286;2;3;.667;.500;0;0;;1;4;5;1;1;0;1;6;11;tysonhu01
512;Stanley Umude;SG;24;DET;24;2;128;15;35;.440;10;22;.453;5;13;.419;.583;12;13;.906;3;18;21;5;3;3;6;17;53;umudest01
513;Jonas Valan?i?nas;C;31;NOP;82;82;235;49;88;.559;5;15;.308;45;73;.609;.585;20;25;.785;23;65;88;21;4;8;14;27;122;valanjo01
514;Jarred Vanderbilt;PF;24;LAL;29;6;200;20;39;.518;3;9;.296;18;30;.586;.553;8;12;.667;14;33;48;12;12;2;10;15;52;vandeja01
515;Fred VanVleet;PG;29;HOU;73;73;368;58;139;.416;31;80;.387;27;59;.454;.527;27;31;.860;5;34;38;81;14;8;17;25;174;vanvlfr01
516;Devin Vassell;SG;23;SAS;68;62;331;73;155;.472;24;66;.372;49;90;.544;.550;24;30;.801;4;34;38;41;11;3;16;11;195;vassede01
517;Sasha Vezenkov;PF;28;SAC;42;0;122;20;45;.440;11;29;.375;9;17;.549;.558;3;4;.800;7;16;23;5;5;2;3;10;54;vezenal01
518;Gabe Vincent;PG;27;LAL;11;0;198;14;45;.306;3;25;.107;11;19;.571;.337;1;2;.500;4;5;8;19;8;0;5;17;31;vincega01
519;Nikola Vu?evi?;C;33;CHI;76;74;343;77;159;.484;12;41;.294;65;118;.550;.522;14;17;.822;28;78;105;33;7;8;16;25;180;vucevni01
520;Tristan Vukcevic;C;20;WAS;10;4;153;29;67;.433;10;36;.278;19;31;.613;.507;17;22;.773;6;30;36;13;5;7;10;28;85;vukcetr01
521;Dean Wade;PF;27;CLE;54;32;205;18;43;.414;15;37;.391;3;6;.567;.584;4;5;.769;7;34;40;8;7;5;4;17;54;wadede01
522;Franz Wagner;SF;22;ORL;72;72;325;73;152;.482;13;46;.281;60;106;.570;.525;38;44;.850;10;43;53;37;11;4;19;23;197;wagnefr01
523;Moritz Wagner;C;26;ORL;80;1;177;42;69;.601;5;14;.330;37;55;.673;.636;21;26;.814;15;29;43;12;5;3;12;20;109;wagnemo01
524;Ish Wainright;SF;29;TOT;11;0;56;6;22;.292;6;18;.350;0;4;.000;.438;2;2;1.000;3;10;13;1;4;1;2;7;21;wainris01
525;Jabari Walker;SF;21;POR;72;23;236;33;71;.460;6;19;.295;27;51;.522;.500;18;24;.754;21;50;71;10;6;3;9;24;89;walkeja01
526;Jarace Walker;PF;20;IND;33;0;103;14;33;.409;7;17;.400;7;17;.418;.509;2;3;.889;4;15;19;12;5;3;5;9;36;walkeja02
527;Lonnie Walker IV;SG;25;BRK;58;0;174;36;85;.423;18;47;.384;18;38;.471;.528;8;10;.763;2;20;22;13;6;3;9;12;97;walkelo01
528;Cason Wallace;SG;20;OKC;82;13;206;26;54;.491;12;29;.419;15;25;.572;.602;4;5;.784;6;16;23;15;9;5;5;16;68;wallaca01
529;Jordan Walsh;SF;19;BOS;9;1;92;7;17;.400;2;10;.222;4;7;.667;.467;1;2;.500;6;17;22;6;6;1;3;12;17;walshjo01
530;T.J. Warren;SF;30;MIN;11;0;114;16;37;.439;2;12;.154;15;25;.571;.463;3;4;.750;5;15;20;8;4;1;4;10;37;warretj01
531;P.J. Washington;PF;25;TOT;73;45;304;48;111;.436;18;57;.320;30;55;.558;.518;14;20;.683;12;45;56;19;10;8;13;23;129;washipj01
532;TyTy Washington Jr.;PG;22;MIL;11;0;51;5;18;.300;2;5;.333;4;13;.286;.350;0;0;;1;4;5;5;3;0;2;1;13;washity02
533;Yuta Watanabe;SF;29;TOT;34;0;136;12;34;.353;7;25;.294;5;9;.516;.461;3;5;.588;3;13;16;4;4;2;6;11;34;watanyu01
534;Lindy Waters III;SG;26;OKC;38;0;74;13;27;.471;10;22;.435;3;5;.632;.649;1;1;1.000;2;9;11;6;1;2;2;6;36;waterli01
535;Trendon Watford;PF;23;BRK;63;2;136;26;49;.527;4;11;.397;22;39;.564;.571;12;15;.794;8;23;31;13;4;3;10;17;69;watfotr01
536;Peyton Watson;SF;21;DEN;80;4;186;26;56;.465;6;19;.296;20;37;.553;.516;9;13;.670;7;25;32;11;5;11;7;18;67;watsope01
537;Victor Wembanyama;C;20;SAS;71;71;297;78;167;.465;18;55;.325;60;112;.534;.519;41;52;.796;23;84;106;39;12;36;37;22;214;wembavi01
538;Blake Wesley;SG;20;SAS;61;3;144;17;35;.474;2;9;.218;15;26;.563;.502;9;13;.667;3;12;15;27;5;1;9;15;44;weslebl01
539;Russell Westbrook;PG;35;LAC;68;11;225;44;98;.454;6;23;.273;38;75;.509;.486;16;24;.688;14;37;50;45;11;3;21;18;111;westbru01
540;Coby White;PG;23;CHI;79;78;365;68;153;.447;26;70;.376;42;83;.508;.534;28;33;.838;6;40;45;51;7;2;21;24;191;whiteco01
541;Derrick White;SG;29;BOS;73;73;326;53;115;.461;27;68;.396;26;47;.555;.578;19;21;.901;7;35;42;52;10;12;15;21;152;whitede01
542;Jack White;SF;26;MEM;4;0;160;5;40;.125;5;25;.200;0;15;.000;.188;0;0;;10;20;30;3;10;3;5;8;15;whiteja03
543;Cam Whitmore;SF;19;HOU;47;2;187;45;99;.454;17;47;.359;28;53;.538;.539;16;24;.679;9;29;38;7;6;4;10;14;123;whitmca01
544;Aaron Wiggins;SG;25;OKC;78;4;157;27;48;.562;8;16;.492;19;32;.598;.645;7;9;.789;8;16;24;11;7;2;7;12;69;wiggiaa01
545;Andrew Wiggins;SF;28;GSW;71;59;270;50;110;.453;13;36;.358;37;74;.498;.511;20;27;.751;15;30;45;17;6;6;12;21;132;wiggian01
546;Lindell Wigginton;PG;25;MIL;3;0;27;7;17;.400;0;7;.000;7;10;.667;.400;7;7;1.000;0;0;0;0;0;0;3;3;20;wiggili01
547;Alondes Williams;SG;24;MIA;7;0;23;3;11;.250;0;6;.000;3;6;.500;.250;1;1;1.000;0;1;1;0;0;1;3;3;7;willial06
548;Brandon Williams;PG;24;DAL;17;0;66;12;32;.370;2;9;.200;10;23;.436;.398;6;10;.647;2;5;8;10;1;1;4;2;32;willibr03
549;Grant Williams;PF;25;TOT;76;43;280;36;80;.456;17;44;.375;20;35;.558;.560;14;18;.757;11;31;42;23;6;5;14;30;103;willigr01
550;Jalen Williams;PF;22;OKC;71;71;313;75;140;.540;15;34;.427;61;106;.576;.592;25;31;.814;5;35;40;45;11;6;17;25;191;willija06
551;Jaylin Williams;C;21;OKC;69;1;130;14;33;.417;8;21;.368;6;12;.500;.533;5;6;.805;5;29;34;16;4;4;5;14;40;willija07
552;Jeenathan Williams;SG;24;HOU;22;0;59;12;23;.540;1;2;.400;11;20;.556;.560;3;6;.538;5;5;10;3;2;0;2;5;29;willije02
553;Kenrich Williams;PF;29;OKC;69;1;149;19;41;.468;8;20;.397;11;20;.540;.568;1;2;.500;9;21;30;13;6;1;5;15;47;willike04
554;Malik Williams;C;25;TOR;7;2;153;13;49;.265;1;7;.200;11;41;.276;.279;0;3;.000;21;33;54;3;4;6;4;21;27;willima11
555;Mark Williams;C;22;CHO;19;19;267;52;79;.649;0;0;;52;79;.649;.649;24;34;.719;40;57;97;12;8;11;9;26;127;willima07
556;Patrick Williams;PF;22;CHI;43;30;273;37;83;.443;14;34;.399;23;49;.474;.525;12;15;.788;11;28;39;15;9;8;13;20;100;willipa01
557;Robert Williams;C;26;POR;6;0;198;28;43;.654;0;0;;28;43;.654;.654;12;15;.778;18;45;63;8;12;12;12;28;68;williro04
558;Vince Williams Jr.;SG;23;MEM;52;33;276;33;73;.446;15;40;.378;17;33;.529;.550;20;25;.800;11;44;56;34;9;7;18;26;100;willivi01
559;Ziaire Williams;SF;22;MEM;51;15;204;29;74;.397;11;37;.307;18;37;.487;.474;12;15;.827;7;28;35;15;7;2;13;17;82;willizi02
560;Zion Williamson;PF;23;NOP;70;70;315;89;156;.570;1;3;.333;88;154;.574;.573;50;71;.702;17;41;58;50;11;7;28;23;229;willizi01
561;D.J. Wilson;PF;27;PHI;2;0;75;20;30;.667;10;10;1.000;10;20;.500;.833;0;0;;5;5;10;10;0;10;0;5;50;wilsodj01
562;Jalen Wilson;PF;23;BRK;43;3;154;18;42;.425;6;17;.324;12;24;.495;.492;9;11;.826;11;20;30;10;3;1;4;11;50;wilsoja03
563;Dylan Windler;SF;27;TOT;17;0;64;9;18;.500;8;16;.481;1;2;.667;.717;0;0;;2;8;9;6;1;0;1;4;25;windldy01
564;James Wiseman;C;22;DET;63;6;173;30;48;.613;0;0;.000;30;48;.617;.613;11;16;.706;17;36;53;9;2;6;10;22;71;wisemja01
565;Isaiah Wong;SG;23;IND;1;0;40;10;30;.333;0;10;.000;10;20;.500;.333;0;0;;0;0;0;0;0;0;0;0;20;wongis01
566;Christian Wood;PF;28;LAL;50;1;174;25;53;.466;7;23;.307;18;30;.587;.532;13;19;.702;8;43;51;10;3;7;10;14;69;woodch01
567;Delon Wright;PG;31;TOT;47;1;158;16;40;.394;5;14;.368;10;26;.408;.460;8;10;.822;4;14;18;25;11;2;3;7;45;wrighde01
568;Thaddeus Young;PF;35;TOT;33;6;133;20;33;.602;0;2;.143;19;31;.634;.606;2;5;.400;14;17;31;17;7;2;5;15;42;youngth01
569;Trae Young;PG;25;ATL;54;54;360;80;187;.430;32;87;.373;48;100;.479;.516;64;75;.855;4;23;28;108;13;2;44;20;257;youngtr01
570;Omer Yurtseven;C;25;UTA;48;12;114;21;38;.538;1;5;.208;20;33;.588;.552;4;6;.679;15;28;43;6;2;4;8;11;46;yurtsom01
571;Cody Zeller;C;31;NOP;43;0;74;6;14;.419;0;1;.333;6;14;.424;.427;5;9;.605;11;15;26;9;2;1;4;10;18;zelleco01
572;Ivica Zubac;C;26;LAC;68;68;264;50;76;.649;0;0;;50;76;.649;.649;18;24;.723;29;63;92;14;3;12;12;26;117;zubaciv01
